Name,Team,W,L,SV,G,GS,IP,K/9,BB/9,HR/9,BABIP,LOB%,GB%,HR/FB,vFA (pi),ERA,xERA,FIP,xFIP,WAR,NameASCII,PlayerId,MLBAMID
"Parker Messick","CLE",1,2,0,3,3,20.1,10.622951483989246,1.7704919139982076,0.4426229784995519,0.27450980392156865,0.625,0.549019607,0.076923076,94.0844300996273,3.540983827996415,2.3586777634981444,1.9745230311317064,2.2935648491883174,0.8867486971868371,"Parker Messick",31986,800048
"Kyle Bradish","BAL",2,1,0,3,3,19.2,10.525424069078868,3.6610170675056932,0,0.2608695652173913,0.75,0.369565217,0,,1.8305085337528466,2.5329930651149715,1.9870265388927104,3.2827845268508584,0.7668657694573285,"Kyle Bradish",24586,680694
"Bryan Woo","SEA",2,1,0,3,3,17.1,9.34615401756129,2.07692311501362,0,0.2708333333333333,0.58823529,0.416666666,0,96.099540941643,3.634615451273835,3.258543064537332,1.7210552328437034,3.364205328073129,0.7489560617776765,"Bryan Woo",30279,693433
"Nathan Eovaldi","TEX",2,0,0,2,2,13,12.461538461538462,1.3846153846153846,0,0.3870967741935484,0.78571429,0.548387096,0,94.86137863685344,2.076923076923077,1.6944751320574454,0.7979783351604759,1.8357573236410436,0.7372442104455007,"Nathan Eovaldi",9132,543135
"Tatsuya Imai","HOU",2,0,0,2,2,12,15.75,0.75,0.75,0.3181818181818182,0.78947368,0.347826086,0.1,95.39245450949367,2.25,1.9148482745330693,0.9390039761861173,1.1048490549127266,0.7041543032201872,"Tatsuya Imai",37124,837227
"Brandon Woodruff","MIL",0,0,0,2,2,11.2,12.342857815489515,1.5428572269361893,0,0.09523809523809523,1,0.095238095,0,91.61278357872597,0,1.900588383683394,0.8770990928338436,2.675916104227909,0.7034621302419467,"Brandon Woodruff",16162,605540
"Trevor Rogers","BAL",2,0,0,2,2,13.1,8.775000209212308,1.3500000321865089,0,0.1875,0.875,0.34375,0,94.20848592122395,0.6750000160932544,2.168590743000181,1.6056706070899958,3.6293396828751336,0.678559289740768,"Trevor Rogers",22286,669432
"Jake Bennett","BOS",1,1,0,3,3,17.2,8.660377670157727,1.0188679611950267,0.5094339805975133,0.20930232558139536,0.86206897,0.522727272,0.0625,93.20746140252976,1.52830194179254,1.5509127501948319,2.4264253353894323,3.048173971626114,0.6702848976786111,"Jake Bennett",31959,687562
"Kyle Leahy","STL",1,1,0,3,3,17.1,7.788461681301074,3.1153846725204297,0,0.2608695652173913,0.77777778,0.466666666,0,94.8423286333476,2.07692311501362,2.810982839766671,2.4133629378482433,3.8835498651587823,0.6681828967167465,"Kyle Leahy",24763,681517
"Ranger Suarez","BOS",2,0,0,3,3,18.2,10.607143218420003,2.410714367822728,0.48214287356454555,0.2553191489361702,0.72289157,0.479166666,0.076923076,91.29220333614865,1.9285714942581822,2.6087003204756347,2.2485277565158137,2.596055441288345,0.6609870587292344,"Ranger Suarez",17277,624133
"Chris Sale","ATL",0,1,0,2,2,11.2,13.114286428957609,1.5428572269361893,0,0.43333333333333335,0.73333333,0.517241379,0,96.36581349927326,0.7714286134680947,1.6012186519043667,0.7056705120631559,1.8620528765307691,0.6586442730567045,"Chris Sale",10603,519242
"Michael Wacha","KCR",1,0,0,2,2,14.2,7.363636682841418,1.2272727804735695,0,0.2857142857142857,0.85714286,0.523809523,0,93.76912434895833,1.2272727804735695,2.4725291292268,1.878397862379214,3.207069503712063,0.6438885404425871,"Michael Wacha",14078,608379
"Foster Griffin","WSN",1,0,0,2,2,14.1,11.302325832063671,1.255813981340408,0.627906990670204,0.1875,0.92105263,0.454545454,0.083333333,91.41786351697198,0.627906990670204,1.6077137837791278,1.9196241049201759,2.2676359126615586,0.616918439381843,"Foster Griffin",16432,656492
"Shane Baz","BAL",0,2,0,3,3,19,9.473684210526315,3.3157894736842106,0.47368421052631576,0.3137254901960784,0.61946903,0.384615384,0.041666666,95.74781458586165,4.7368421052631575,3.166596683767543,2.7898811691685728,3.999162130606802,0.5862475253413207,"Shane Baz",22264,669358
"Joey Cantillo","CLE",1,0,0,2,2,14,11.571428571428571,1.9285714285714286,0.6428571428571429,0.19230769230769232,0.92105263,0.333333333,0.083333333,92.55411343961148,1.2857142857142858,2.3983452466983115,2.1056706428527834,2.4619684381144387,0.562573260571713,"Joey Cantillo",23335,676282
"Kumar Rocker","TEX",0,0,0,2,1,11,11.454545454545455,0.8181818181818182,0,0.3333333333333333,0.8,0.555555555,0,94.40015725528492,1.6363636363636365,1.5734545486010965,0.8329433701255105,1.9231354388323698,0.5561061116937701,"Kumar Rocker",31843,677958
"Jesús Luzardo","PHI",0,0,0,2,2,11.2,14.657143655893798,4.628571680808568,0,0.36,0.6,0.68,0,97.69059401292067,1.5428572269361893,2.342107899304745,1.3913848351459064,1.7768456233017775,0.5487288420295565,"Jesus Luzardo",19959,666200
"Cade Cavalli","WSN",1,0,0,3,3,15.2,12.063830276807025,2.2978724336775285,0.5744681084193821,0.2972972972972973,0.76923077,0.54054054,0.142857142,97.030029296875,2.2978724336775285,2.765115656020765,2.2120535853115224,2.0520385997520796,0.5355912736361106,"Cade Cavalli",27473,676917
"Casey Mize","DET",1,2,0,3,3,17.1,9.865385339104972,1.0384616146426284,1.0384616146426284,0.28888888888888886,0.70422535,0.29787234,0.1,94.13413714418317,3.6346156512491996,3.0830521282743844,2.7595167713052406,2.9891484356185325,0.5158016365973872,"Casey Mize",20492,663554
"Shohei Ohtani","LAD",2,0,0,2,2,12,9.75,2.25,0,0.35294117647058826,0.5625,0.515151515,0,98.64095157771915,4.5,2.6976421683150047,1.939003976186117,3.063264547040066,0.506340867704923,"Shohei Ohtani",19755,660271
"Cristopher Sánchez","PHI",2,0,0,3,3,18,10,2,1,0.2708333333333333,0.81395349,0.64,0.153846153,,3,2.4272071268180926,3.1612261984083387,2.799403044415845,0.49653252403583625,"Cristopher Sanchez",20778,650911
"MacKenzie Gore","TEX",1,0,0,2,2,13,7.615384615384615,2.076923076923077,0,0.2647058823529412,0.66666667,0.454545454,0,95.54984624335107,2.769230769230769,2.99517220363278,2.1056706428527834,3.374067184329033,0.4902249432823597,"MacKenzie Gore",22201,669022
"Logan Gilbert","SEA",1,1,0,2,2,13.1,10.125000241398817,1.3500000321865089,0.6750000160932544,0.28125,0.66037736,0.5,0.1,96.54840844524793,3.3750000804662723,2.562236816781719,2.28067062318325,2.429931197595848,0.479321589938087,"Logan Gilbert",22250,669302
"Louis Varland","TOR",0,1,4,6,0,7,15.428571428571429,2.5714285714285716,0,0.25,0.8,0.416666666,0,98.75199236188617,1.2857142857142858,0.98495404153997,0.5342420714242118,1.6049664246184487,0.4734744005581181,"Louis Varland",27691,686973
"Brandon Sproat","MIL",2,0,0,3,3,15,13.800000877380427,2.4000001525879004,1.2000000762939502,0.2,0.65217391,0.296296296,0.166666666,96.97321199115954,3.6000002288818505,2.126036036953474,2.7723372883266864,2.23821519661233,0.4685959753592557,"Brandon Sproat",33850,687075
"Sandy Alcantara","MIA",3,0,0,3,3,18.1,6.381818624449201,4.418182124618678,0,0.3333333333333333,0.65517241,0.423728813,0,98.05876776512633,3.9272729996610467,3.5639984739209196,3.160216101181409,4.795504317662234,0.46167831007541466,"Sandy Alcantara",18684,645261
"Braxton Ashcraft","PIT",3,0,0,3,3,18,12.5,2,1.5,0.275,0.72463768,0.418604651,0.2,97.54318359375,3.5,2.937765161355077,3.1612261984083387,2.243737943801615,0.4613768544517688,"Braxton Ashcraft",23793,677952
"Jacob deGrom","TEX",2,1,0,3,3,19,12.31578947368421,2.3684210526315788,1.4210526315789473,0.2682926829268293,0.60810811,0.441860465,0.23076923,97.51363431490384,4.7368421052631575,2.7116912455194293,3.21093380074752,2.1839434443335786,0.46047367546605417,"Jacob deGrom",10954,594798
"Gage Jump","ATH",1,1,0,3,3,16.2,11.340000432586686,2.160000082397464,1.080000041198732,0.3333333333333333,0.86419753,0.292682926,0.117647058,95.95035690197842,2.70000010299683,3.882910213005933,2.8656706336975097,2.834665008876109,0.45369314599635313,"Gage Jump",35418,695611
"Connelly Early","BOS",2,0,0,3,3,16,11.8125,2.8125,0.5625,0.2727272727272727,0.90361446,0.545454545,0.1,94.74512773678626,1.6875,2.9057860718362156,2.7931706428527834,2.9175544518977405,0.4534375386901142,"Connelly Early",33666,813349
"Nolan McLean","NYM",2,1,0,3,3,19,11.842105263157896,2.3684210526315788,0.9473684210526315,0.28888888888888886,0.79207921,0.468085106,0.166666666,96.01040690104166,2.8421052631578947,3.4682545068037065,3.1056706428527834,2.683995334098214,0.45331052935926086,"Nolan McLean",33703,690997
"Ryan Weathers","NYY",1,1,0,3,3,14,10.928572173021328,2.571428746593254,0.6428571866483135,0.375,0.64516129,0.390243902,0.076923076,96.16141639122596,2.571428746593254,6.140072810064281,2.46281345620447,2.9261837183501433,0.4376695028045412,"Ryan Weathers",23796,677960
"Sean Burke","CHW",2,0,0,3,2,19,10.42105315464688,2.3684211715106547,0.9473684686042619,0.29545454545454547,0.93406593,0.222222222,0.083333333,95.59319298012743,1.8947369372085239,3.4718969247828317,3.1056706428527834,3.630741104330287,0.42953762360430986,"Sean Burke",29878,680732
"George Kirby","SEA",2,1,0,3,3,20,7.65,1.35,0.9,0.36666666666666664,0.82644628,0.370967741,0.076923076,96.39862060546875,2.7,3.7835658442570477,3.155670642852783,3.8043889656662944,0.4279244050442299,"George Kirby",25436,669923
"Carlos Rodón","NYY",2,0,0,3,3,15.1,10.565217610342971,4.1086957373556,0.5869565339079429,0.3333333333333333,0.66326531,0.375,0.071428571,94.27827644348145,3.521739203447657,4.190114779195808,2.975235857539907,3.496074824160165,0.42609514006134763,"Carlos Rodon",16137,607074
"Sonny Gray","BOS",1,0,0,3,3,21.1,10.125000150874259,2.1093750314321373,1.2656250188592824,0.20408163265306123,1,0.431372549,0.15,92.07193577543218,1.68750002514571,2.1726214624669127,3.386920647043735,2.9641213543109703,0.42121078078750457,"Sonny Gray",12768,543243
"Andre Pallante","STL",1,1,0,2,2,12.2,4.263158108719178,0.7105263514531964,0,0.38636363636363635,0.68421053,0.581395348,0,95.29151916503906,4.263158108719178,4.209860164812005,2.631986408550653,3.342045752098692,0.4201514915900288,"Andre Pallante",26108,669467
"Sean Manaea","NYM",0,1,0,3,3,14,8.357143426428074,3.214285933241567,0,0.3333333333333333,0.59090909,0.5,0,91.08073286576705,4.500000306538194,3.629258156497994,2.748527761381498,4.033397072739358,0.401801095265903,"Sean Manaea",15873,640455
"Drew Rasmussen","TBR",1,1,0,2,2,12,7.5,2.25,0,0.21212121212121213,0.83333333,0.363636363,0,95.95639474051339,1.5,3.1283121460198506,2.6890039761861173,4.562771594276032,0.40047614032371703,"Drew Rasmussen",25385,656876
"Peyton Gray","TEX",1,0,0,5,0,6.1,15.631579731970321,0,0,0.2,1,0.3,0,93.78308486938477,0,0.7381394083954304,0.10567049227262126,1.2891027315193528,0.3945691578163534,"Peyton Gray",25310,682608
"Walbert Ureña","LAA",1,1,0,2,2,9.1,10.607143218420003,1.9285714942581822,0,0.37037037037037035,0.46153846,0.74074074,0,97.11902618408203,6.7500002299036375,2.6767959431995996,1.7128134525552074,2.3552480863529426,0.3903451703337264,"Walbert Urena",29357,700712
"Robbie Ray","SFG",2,0,0,2,2,16,4.5,2.8125,0,0.13043478260869565,0.81818182,0.456521739,0,93.26822258444393,0,2.5732155062166684,3.0431706428527834,4.823249880038202,0.3814519896954768,"Robbie Ray",11486,592662
"Andrew Alvarez","WSN",0,1,0,2,2,8.1,11.880000453186053,3.240000123596196,0,0.45454545454545453,0.76923077,0.545454545,0,92.64439325747283,3.240000123596196,3.2229626155080258,1.5456705833435038,1.9054339797406517,0.37978225033576307,"Andrew Alvarez",29914,674841
"Jhoan Duran","PHI",0,0,3,5,0,5,16.2,1.8,0,0.3333333333333333,1,0.555555555,0,99.97867352029552,0,1.3148546004493171,0.10567064285278338,0.7052762806415558,0.3781054673450755,"Jhoan Duran",21029,661395
"Davis Martin","CHW",0,0,0,2,2,11.1,5.55882368533257,3.176470677332897,0,0.2727272727272727,0.92307692,0.484848484,0,93.74304707845052,0.7941176693332243,2.5030331475214846,2.9292000496676223,4.648657441556083,0.37647576892018164,"Davis Martin",21448,663436
"Eduardo Rodriguez","ARI",2,0,0,3,3,20.2,4.7903227280131535,2.6129033061889926,0.4354838843648321,0.21666666666666667,0.96774194,0.433333333,0.05,91.72279122205285,0.8709677687296642,4.81020232471142,3.5411545272176155,4.362781095531232,0.3759640277110774,"Eduardo Rodriguez",13164,593958
"Adrian Morejon","SDP",1,0,0,6,0,7.1,12.272727804735695,1.2272727804735695,0,0.26666666666666666,1,0.666666666,0,99.77906271127554,0,1.0220535037905334,1.1965796510050086,2.218634759722585,0.3741049759054627,"Adrian Morejon",20039,670970
"Logan Webb","SFG",1,1,0,2,2,15,6.6,1.8,0.6,0.13157894736842105,0.92105263,0.394736842,0.058823529,91.75229828933189,1.2,2.8093456715940026,3.1056706428527834,3.937886616587639,0.37125027126109045,"Logan Webb",17995,657277
"Dylan Cease","TOR",0,1,0,2,2,10.1,15.677421284019875,7.8387106420099375,0,0.3684210526315789,0.625,0.368421052,0,97.27311954941861,5.225807094673291,2.6497620674935214,2.234702793740569,3.1050981815079775,0.37119487162966924,"Dylan Cease",18525,656302
"Zack Wheeler","PHI",2,0,0,2,2,12.2,8.526316217438357,2.8421054058127857,0.7105263514531964,0.22580645161290322,0.8490566,0.5,0.09090909,95.55262493265086,2.131579054359589,2.5624960159674797,3.1846180152364725,3.4600776374199267,0.37049292436374676,"Zack Wheeler",10310,554430
"Robert Gasser","MIL",1,0,0,2,2,11.2,9.257143361617135,1.5428572269361893,0.7714286134680947,0.3125,0.68965517,0.34375,0.09090909,91.94253104073661,3.857143067340473,3.0919570406997434,2.677099190926064,2.9761696391547883,0.3678664663812549,"Robert Gasser",29812,688107
"Michael King","SDP",1,1,0,2,2,11.1,7.941176693332243,3.176470677332897,0,0.2727272727272727,0.73333333,0.419354838,0,93.97250600961539,3.176470677332897,4.400999445958322,2.9292000496676223,4.384125535111705,0.3655067053227484,"Michael King",19853,650633
"Kyle Freeland","COL",0,0,0,2,2,13.1,8.100000193119053,0.6750000160932544,1.3500000321865089,0.325,0.60606061,0.309523809,0.08,91.05425347222223,5.4000001287460355,4.6575381033462,3.4806706517934805,4.341322099447881,0.36246004202515275,"Kyle Freeland",16256,607536
"Justin Slaten","BOS",1,1,0,7,0,5.2,12.705886250962394,0,0,0.5555555555555556,0.5,0.375,0,96.77149709065755,4.764707344110898,2.7759192058223747,0.28214036486114047,1.8693322459402868,0.36200507882214455,"Justin Slaten",25648,686580
"Nick Lodolo","CIN",0,1,0,3,3,13.2,7.902439392017243,4.609756312010059,0,0.35,0.68181818,0.487179487,0,93.64905395507813,4.609756312010059,5.706979801213811,3.1056706428527834,4.2025102751994545,0.3583978939109891,"Nick Lodolo",26378,666157
"Joe Ryan","MIN",1,2,0,3,3,15,12.6,3.6,1.2,0.38461538461538464,0.64356436,0.487804878,0.125,94.22395260233274,6,3.118442532286142,3.2390039761861167,3.10461901028951,0.3526492192800553,"Joe Ryan",21390,657746
"Luis Castillo","SEA",1,0,0,2,1,10,7.2,0.9,0,0.34375,0.5,0.28125,0,95.94408758755388,4.5,3.2571053950761253,1.8056706428527833,4.50389601290226,0.3365251494383613,"Luis Castillo",15689,622491
"Kyle Harrison","MIL",0,0,0,2,2,11.1,12.705882709331588,0.7941176693332243,1.5882353386664485,0.21739130434782608,0.76923077,0.44,0.166666666,95.13564359224759,3.176470677332897,1.182364102684075,2.840964753075042,2.1340384803342216,0.33341462895155477,"Kyle Harrison",27758,690986
"Ian Seymour","TBR",1,1,0,2,1,11.2,8.485714748149041,0.7714286134680947,0.7714286134680947,0.20689655172413793,0.78947368,0.2,0.0625,91.70968933105469,2.314285840404284,2.5285996926642227,2.8485277716967516,3.790032866851928,0.32821981626355423,"Ian Seymour",27932,693855
"Trevor Megill","MIL",1,0,2,6,0,6,10.5,1.5,0,0.08333333333333333,1,0.166666666,0,97.98263931274414,0,1.0543452567751457,1.2723373095194506,3.0211870864033705,0.32731936003954276,"Trevor Megill",17722,656730
"Chase Burns","CIN",1,0,0,2,2,11,13.909090909090908,2.4545454545454546,1.6363636363636365,0.46153846153846156,0.77464789,0.25,0.166666666,97.13006083170573,4.909090909090909,2.9748847178863986,3.196579733761874,2.4682314731857993,0.3251562056702217,"Chase Burns",35333,695505
"Colin Rea","CHC",0,0,0,2,2,10.1,6.096774381107649,2.6129033061889926,0,0.25,0.90909091,0.580645161,0,93.7953350360577,0.8709677687296642,2.4042253997462337,2.621799660225192,4.217524390527625,0.3239996350510942,"Colin Rea",12317,607067
"Kyle Hart","SDP",0,0,0,6,1,8,11.2500028498478,3.37500085495434,0,0.23529411764705882,0.75,0.3125,0,93.97311846415202,2.25000056996956,3.6188043720845426,2.105670389532979,3.792061673010104,0.31604196406450563,"Kyle Hart",19646,606996
"Keider Montero","DET",1,0,0,2,2,14,3.857142857142857,0.6428571428571429,0.6428571428571429,0.2222222222222222,0.8490566,0.456521739,0.05,94.61457987034575,1.9285714285714286,2.9140622745137787,3.391384928567069,4.604262206384114,0.3128677365566147,"Keider Montero",22630,672456
"Jacob Misiorowski","MIL",1,1,0,2,2,12,11.25,3.75,0.75,0.23076923076923078,0.8490566,0.481481481,0.1,101.54073046875,2.25,2.485691281619136,2.9390039761861173,3.1048490549127266,0.31151990014778097,"Jacob Misiorowski",31623,694819
"Justin Wrobleski","LAD",2,0,0,2,2,14,9,1.2857142857142858,1.2857142857142858,0.2702702702702703,0.80357143,0.384615384,0.105263157,95.22108179209184,3.2142857142857144,4.352332225733223,3.391384928567069,3.5686183424932616,0.3074928127417683,"Justin Wrobleski",31204,680736
"Jack Perkins","ATH",0,0,0,2,2,10,11.7,2.7,0.9,0.2916666666666667,0.56603774,0.12,0.058823529,95.26359049479167,5.4,3.8018290053246075,3.0056706428527833,4.253994603455067,0.30250593053520997,"Jack Perkins",31468,678022
"Ryan Gusto","MIA",0,0,0,2,2,7.2,11.739131408287662,3.521739422486299,0,0.3157894736842105,0.9,0.105263157,0,93.89384608114919,1.1739131408287662,3.039745441459059,2.0621922954494356,4.017428232991807,0.29947329265201134,"Ryan Gusto",26440,687473
"Framber Valdez","DET",1,0,0,2,2,12,7.5,1.5,0.75,0.2972972972972973,0.71428571,0.621621621,0.09090909,95.06280263264973,3.75,2.957115771600656,3.0223373095194503,3.313100229452054,0.29876216250330534,"Framber Valdez",17295,664285
"Zach Thornton","NYM",0,0,0,1,1,6,10.5,1.5,0,0.3333333333333333,0.83333333,0.4,0,92.59606061662946,1.5,3.5954529903253207,1.2723373095194506,2.5215157215793935,0.2922643040848726,"Zach Thornton",33891,804267
"Jacob Latz","TEX",0,0,6,7,0,8.2,8.307692917141027,2.076923229285257,1.0384616146426284,0.14285714285714285,0.86956522,0.38095238,0.125,95.26843209994041,2.076923229285257,3.326684049099917,3.451824514400326,3.335529823843089,0.2898852760396324,"Jacob Latz",21306,656641
"Luke Weaver","NYM",0,0,0,5,0,5,16.2,1.8,0,0,1,0.5,0,96.24098205566406,0,0.7108669903976229,0.10567064285278338,0.7052762806415558,0.28938127706017713,"Luke Weaver",16918,596133
"Sean Newcomb","CHW",0,0,1,4,1,8,9.00000221282298,3.375000829808618,0,0.25,0.5,0.333333333,0,94.45210774739583,4.50000110641149,4.595432906023618,2.230670427717216,3.167554467113064,0.28104254098476955,"Sean Newcomb",16943,656794
"Tyler Alexander","TEX",0,0,2,6,2,5.1,10.125000660074917,1.6875001100124862,0,0.16666666666666666,1,0.666666666,0,92.44803195529514,0,0.935390407372811,1.4181705328402976,2.5424311769876984,0.2808416165112401,"Tyler Alexander",17735,641302
"Connor Prielipp","MIN",0,1,0,2,2,12,10.5,2.25,0.75,0.3888888888888889,0.64516129,0.583333333,0.083333333,95.4673602764423,3.75,3.7958766573391705,3.105670642852784,3.521351403991382,0.28023215196662477,"Connor Prielipp",31857,687570
"Max Meyer","MIA",2,0,0,2,2,12,9,3,0.75,0.26666666666666666,0.95238095,0.5,0.09090909,95.48377403846153,1.5,2.357581890111191,3.4390039761861173,3.729766896118721,0.2782855599752727,"Max Meyer",27474,676974
"Paul Skenes","PIT",0,1,0,2,2,11,12.272727272727273,3.272727272727273,0.8181818181818182,0.36,0.68493151,0.153846153,0.066666666,96.40825825352823,4.909090909090909,3.4968666546023686,3.196579733761874,4.0588716807690535,0.26914320393485947,"Paul Skenes",33677,694973
"Tanner Bibee","CLE",0,2,0,3,3,18.1,5.890909193054705,1.4727272982636763,0.9818181988424509,0.19607843137254902,0.68181818,0.396226415,0.105263157,93.25637817382812,2.4545454971061273,3.459709301550048,3.869307019730245,4.004648901802467,0.26759724723081546,"Tanner Bibee",30134,676440
"Anthony Kay","CHW",0,2,0,3,3,13.2,7.902439392017243,2.634146464005748,0.658536616001437,0.32608695652173914,0.64814815,0.347826086,0.058823529,95.42966931931515,5.268292928011496,3.955916985572072,3.8373779939654913,4.750785812508312,0.26376741720366415,"Anthony Kay",20387,641743
"Taj Bradley","MIN",1,0,0,2,2,12,8.25,3.75,0.75,0.16666666666666666,0.72916667,0.3,0.058823529,96.89179858826755,3,2.531496860456076,3.605670642852784,4.645940610021354,0.2630147604817481,"Taj Bradley",22543,671737
"Brandon Young","BAL",1,0,0,2,2,10,11.7,3.6,0.9,0.39285714285714285,0.89041096,0.48275862,0.083333333,94.52315398185483,2.7,3.538591428049263,3.0056706428527833,3.504487556219101,0.2614921373897606,"Brandon Young",27819,687064
"Tyron Guerrero","BOS",0,0,0,6,0,6,12.000004053117214,0,0,0.26666666666666666,0.4,0.5,0,,0,1.9037463214443606,0.9390032443732865,1.9383463115590092,0.2545214861367583,"Tyron Guerrero",11691,594027
"Brandon Eisert","CHW",0,1,0,6,1,6,16.500002622604786,0,1.500000238418617,0.3333333333333333,0.27777778,0.538461538,0.2,90.04373241606213,4.500000715255851,1.3774411748641644,1.6056704044341663,0.6881820039965887,0.25236894544401656,"Brandon Eisert",27668,685126
"Michael Lorenzen","COL",1,1,0,2,2,11,4.909091334697666,0.8181818891162776,0.8181818891162776,0.325,0.68493151,0.43902439,0.066666666,93.57132118626645,4.909091334697666,4.557192367725702,3.742034334387666,4.60432635615355,0.2507249440061116,"Michael Lorenzen",14843,547179
"Andrés Muñoz","SEA",0,0,4,5,0,5,16.2,3.6,0,0.14285714285714285,1,0.571428571,0,99.75601632254464,0,1.2134960213738388,0.7056706428527835,1.3052762806415559,0.24846818638386806,"Andres Munoz",20373,662253
"Yoshinobu Yamamoto","LAD",1,1,0,2,2,12,7.5,3,0.75,0.2857142857142857,0.73529412,0.542857142,0.111111111,96.02439528245192,3.75,4.509007966291123,3.5223373095194503,3.563264547040066,0.24360351082978352,"Yoshinobu Yamamoto",33825,808967
"Gavin Williams","CLE",0,1,0,3,3,15,10.8,3.6,1.2,0.37209302325581395,0.56603774,0.431818181,0.117647058,97.3337682775549,6.6,3.981404297707324,3.6390039761861166,3.6045532832543055,0.24105481480817112,"Gavin Williams",30122,668909
"J.T. Ginn","ATH",1,1,0,2,2,11.1,7.941176693332243,3.176470677332897,0.7941176693332243,0.35135135135135137,0.6626506,0.421052631,0.071428571,93.09694879705256,4.764706015999345,4.027444131134081,3.5468471258156855,4.25151161522279,0.23813531220300616,"J.T. Ginn",27889,669372
"Luinder Avila","KCR",2,0,0,3,3,14.2,9.204545853551771,4.909091121894278,0.6136363902367847,0.2972972972972973,0.76530612,0.368421052,0.058823529,95.64971923828125,3.681818341420709,3.933788969061157,3.7874888542269884,4.638618864260401,0.23540447411690785,"Luinder Avila",24452,679883
"Walker Buehler","SDP",1,0,0,2,2,10.2,10.125000603497064,3.375000201165688,0.843750050291422,0.2916666666666667,0.94339623,0.52,0.111111111,93.7530228464227,1.687500100582844,2.484108514326665,3.1994206484407193,3.2454637933957966,0.23497644439285645,"Walker Buehler",19374,621111
"Jack Flaherty","DET",0,0,0,1,1,5,16.2,5.4,0,0.25,1,0.125,0,93.998544921875,0,1.2240253585526446,1.3056706428527833,3.104487556219101,0.22893197059331083,"Jack Flaherty",17479,656427
"Tim Mayza","PHI",0,1,0,5,2,7.1,9.818182243788556,1.2272727804735695,0,0.25,0.83333333,0.4,0,94.9229232788086,1.2272727804735695,2.4531765022698346,1.3329432932798495,2.7638204454844564,0.22794061905075624,"Tim Mayza",15042,641835
"Cole Sulser","TBR",0,0,0,6,1,8.1,10.80000041198732,0,1.080000041198732,0.23529411764705882,0.83333333,0.277777777,0.111111111,92.37924129404921,2.160000082397464,2.7364909026154502,2.265670610809325,2.3246058350872114,0.224396119997948,"Cole Sulser",15256,642121
"John King","MIA",3,0,0,5,0,6,7.500001192093085,0,0,0.29411764705882354,1,0.352941176,0,,0,3.300214198011662,1.4390037112765424,3.1878537661326924,0.22349387502978688,"John King",22051,667463
"Bryan Hudson","CHW",0,0,0,4,1,5,12.600002403259735,3.6000006866456387,0,0.36363636363636365,1,0.363636363,0,91.39142235289229,0,2.571987299807466,1.505670337676944,3.0046847180631784,0.22148094862004963,"Bryan Hudson",19924,663542
"Dylan Lee","ATL",2,0,0,5,0,5.1,6.7500029671950275,0,0,0.2,1,0.357142857,0,93.10042656792535,0,1.577762553398851,1.6056699834761103,3.5731268473335804,0.22089043446966608,"Dylan Lee",19996,669276
"AJ Blubaugh","HOU",1,0,0,4,0,7,11.571428571428571,2.5714285714285716,0,0.29411764705882354,0.85714286,0.375,0,95.64362114800348,1.2857142857142858,3.5987339975370607,1.3913849285670692,2.676254152400153,0.2179775825367689,"AJ Blubaugh",31764,805123
"Bubba Chandler","PIT",1,1,0,3,3,17.2,5.6037737865726465,3.566037864182593,0.5094339805975133,0.30357142857142855,0.7518797,0.4,0.047619047,98.69990641276041,4.075471844780107,3.821046448684986,4.294349930913648,5.3403478544384475,0.2176921297351034,"Bubba Chandler",29868,696149
"Payton Tolle","BOS",1,1,0,2,2,13,6.230769230769231,2.769230769230769,0.6923076923076923,0.17142857142857143,0.83333333,0.342857142,0.058823529,95.35985989040799,2.076923076923077,4.221184122745356,3.6441321813143217,4.604381381777617,0.21680080125710666,"Payton Tolle",35466,801139
"Chris Murphy","CHW",1,0,0,6,1,5.1,8.437503803290278,1.6875007606580557,0,0.23076923076923078,1,0.23076923,0,95.7877839187096,0,1.4003504374912672,1.7931700512298512,4.322757475888382,0.21412827196411308,"Chris Murphy",26214,669684
"Josh Hader","HOU",1,0,5,7,0,7,16.714285714285715,5.142857142857143,1.2857142857142858,0,1,0.222222222,0.166666666,,1.2857142857142858,0.8951320961361493,2.9628134999956406,2.3905398666858675,0.2128369045516663,"Josh Hader",14212,623352
"David Sandlin","CHW",1,0,0,1,1,6,9,4.5,0,0.23076923076923078,0.83333333,0.461538461,0,96.20081922743056,1.5,2.8228051866558674,2.605670642852784,3.3551776900887496,0.2091368706645641,"David Sandlin",31743,689818
"Wandy Peralta","SDP",0,0,0,7,2,9.1,3.8571433826369397,0.9642858456592349,0,0.18518518518518517,1,0.444444444,0,97.20452728271485,0,2.55186047671836,2.5699562841532084,4.4972603824771795,0.20507256863632412,"Wandy Peralta",14295,593974
"Brady Singer","CIN",0,1,0,2,2,11.1,10.323529701331916,1.5882353386664485,1.5882353386664485,0.2903225806451613,0.80357143,0.46875,0.166666666,90.91943105061848,3.9705883466661214,4.028777745016076,3.8997883121860077,3.192862039445187,0.20296306084928017,"Brady Singer",25377,663903
"Emerson Hancock","SEA",0,1,0,2,2,11,9.818182669395332,4.090909445581388,0.8181818891162776,0.27586206896551724,0.63492063,0.413793103,0.076923076,96.09609805836396,4.909091334697666,4.073978487241701,3.4693070380155735,4.059051018975464,0.20273224157159295,"Emerson Hancock",27470,676106
"David Bednar","NYY",0,0,2,4,0,5.1,6.750000402331376,0,0,0.15384615384615385,1,0.384615384,0,96.1631083170573,0,3.022755272336745,1.6056705534458109,3.573126669709744,0.2013432333087532,"David Bednar",19569,670280
"Bryan King","HOU",0,0,0,6,0,5.2,6.352941956074688,1.588235489018672,0,0.15384615384615385,1,0.384615384,0,91.90543410357307,0,3.254145712157746,2.2233175933979656,3.5459772508310268,0.19942397747085142,"Bryan King",25890,687911
"Carmen Mlodzinski","PIT",0,0,1,3,0,7,7.714285714285714,2.5714285714285716,0,0.2857142857142857,1,0.285714285,0,95.5069685311153,0,5.286882747015549,2.248527785709926,4.6041213627372475,0.1963540621208814,"Carmen Mlodzinski",27572,669387
"Steven Okert","HOU",1,0,0,7,0,7.2,11.739131453920717,2.3478262907841434,1.1739131453920717,0.1875,1,0.294117647,0.111111111,92.19734770676186,1.1739131453920717,1.2995856596729352,2.975235848920331,3.0392958784270427,0.1919738744980515,"Steven Okert",13580,595345
"Spencer Miles","TOR",0,0,0,4,0,6,10.500003442169364,3.000000983476961,0,0.3125,1,0.5625,0,96.67996215820312,0,2.8492661287122543,1.7723368724185784,2.521844165362182,0.18581530939553878,"Spencer Miles",31621,693686
"Erick Fedde","CHW",1,1,0,3,1,13.2,5.926829544012932,4.609756312010059,0,0.30434782608695654,0.66666667,0.326086956,0,94.33825302124023,3.9512196960086214,4.754817484556548,3.3251828481865955,5.2994941864106035,0.18569233041317645,"Erick Fedde",17425,607200
"Bryce Miller","SEA",0,2,0,2,2,10.2,15.187500905245596,0,2.531250150874266,0.29411764705882354,1,0.3,0.272727272,96.01029052734376,3.375000201165688,1.9667670070852235,3.3869206596165906,1.276528818751614,0.1855085836235517,"Bryce Miller",29837,682243
"Anthony Bender","MIA",0,0,0,5,0,5,9.000003594161516,1.800000718832303,0,0.2857142857142857,1,0.357142857,0,,0,2.116975585412836,1.7056700837609922,3.804290654108171,0.16946225624168748,"Anthony Bender",19742,669622
"Luis Medina","ATH",0,0,0,4,0,6.1,17.052632434876713,8.526316217438357,0,0.36363636363636365,0.9,0.3,0,99.33582035187752,1.4210527029063929,2.599988301153114,2.1583021742485218,3.105047965645907,0.16798959854586856,"Luis Medina",21649,665622
"José Alvarado","PHI",0,1,0,5,0,5,14.4,3.6,0,0.46153846153846156,0.66666667,0.23076923,0,96.5385971069336,5.4,2.8573911579069184,1.7056706428527835,3.204684737324715,0.1673953528392475,"Jose Alvarado",17780,621237
"Michael McGreevy","STL",0,1,0,2,2,11,4.909090909090909,1.6363636363636365,0.8181818181818182,0.3333333333333333,0.73529412,0.486486486,0.1,92.10466351425438,4.090909090909091,5.034211461233674,3.7420342792164196,3.922956183281812,0.16669153819674226,"Michael McGreevy",29869,700241
"José Fermin","LAA",0,0,0,5,0,7,7.714286765273879,0,0,0.2222222222222222,1,0.444444444,0,95.94107142857143,0,2.387432389131562,1.391384695014144,2.462109194083017,0.16345889671751246,"Jose Fermin",33908,820862
"Reid Detmers","LAA",0,0,0,2,2,11.2,9.257143361617135,5.400000294276662,0.7714286134680947,0.2903225806451613,0.64102564,0.46875,0.09090909,94.50408697747565,5.400000294276662,4.963100950435261,3.9628135467062218,4.261883994934946,0.16298397153558328,"Reid Detmers",27468,672282
"PJ Poulin","WSN",0,0,1,6,2,8,4.500000569969488,2.250000284984744,0,0.13636363636363635,0.8,0.454545454,0,90.24047162455898,1.125000142492372,3.324237032594301,2.855670611187812,4.542061681066809,0.16215408070532136,"PJ Poulin",23394,676571
"Huascar Brazobán","NYM",1,1,0,4,0,5,10.8,3.6,0,0.25,0.8,0.583333333,0,96.19630432128906,1.8,2.9247772290827654,1.9056706428527834,2.20547346174717,0.16083662280127384,"Huascar Brazoban",6107,623211
"Trey Yesavage","TOR",1,0,0,3,3,19.2,6.406780178812009,2.2881357781471463,1.3728814668882876,0.11320754716981132,0.92592593,0.309090909,0.096774193,94.61867156742126,2.2881357781471463,3.0880416200569374,4.5802470332142775,4.960048941636757,0.1593383908084461,"Trey Yesavage",35456,702056
"Ryan Johnson","LAA",1,2,0,3,3,16,7.3125,1.125,1.6875,0.2222222222222222,0.6779661,0.395833333,0.142857142,,3.375,3.0434630612438673,4.480670642852783,4.010626641847193,0.15411937676120002,"Ryan Johnson",35325,696270
"Eduard Bazardo","SEA",0,0,0,6,0,5,10.800002253056043,3.6000007510186807,0,0.3076923076923077,0.83333333,0.384615384,0,,1.8000003755093403,3.061261890519097,1.905670392513223,3.404684799703929,0.15100922468729752,"Eduard Bazardo",20997,660825
"Grant Wolfram","BAL",0,1,0,6,0,5.2,7.941178906851496,0,0,0.14285714285714285,0.33333333,0.357142857,0,94.53860473632812,3.1764715627405984,2.199971441251957,1.8703761462314394,3.9866319876703016,0.1504089614777102,"Grant Wolfram",21623,664991
"Ryan Zeferjahn","LAA",1,0,0,6,0,6.1,17.05263516315208,7.105264651313367,0,0.14285714285714285,1,0.285714285,0,98.19673312794079,0,1.5880746769055891,1.68461771259011,2.394677169741572,0.14808023819003338,"Ryan Zeferjahn",25420,666171
"Andrew Morris","MIN",2,0,0,6,0,6,6.000001013279133,3.0000005066395663,0,0.15384615384615385,1,0.384615384,0,97.28153043179898,0,1.5229067195114472,2.7723372532261648,4.27135160085138,0.14537224510798694,"Andrew Morris",31891,702193
"Ryan Feltner","COL",0,0,0,2,2,12,1.5,3,0.75,0.2,0.77586207,0.512195121,0.066666666,94.74791418987772,2.25,3.3502097618788795,4.855670642852784,5.646104927609365,0.144521272763186,"Ryan Feltner",21446,663372
"Mike Burrows","HOU",1,0,0,3,2,12,5.25,2.25,0.75,0.2222222222222222,0.68965517,0.324324324,0.052631578,95.36890644929846,3.75,3.812381335860372,4.02233730951945,5.312442959100009,0.14318866371071828,"Mike Burrows",24728,681347
"Bryse Wilson","- - -",0,0,0,2,0,6.1,5.684210811625571,1.4210527029063929,0,0.2631578947368421,1,0.388888888,0,93.71625900268555,0,3.6599123412292625,2.3161969190158986,3.736315606111977,0.1381496796835186,"Bryse Wilson",19990,669060
"Tommy Nance","TOR",1,0,0,6,0,7,7.714287881949119,2.57142929398304,0,0.2,0.83333333,0.5,0,,0,2.078921218138229,2.2485275448584368,3.9616869913555854,0.13469278023752676,"Tommy Nance",19178,667297
"Landen Roupp","SFG",0,1,0,3,3,14.2,10.43181863402534,4.909091121894278,1.2272727804735695,0.4,0.70247934,0.463414634,0.133333333,93.11360765540081,6.136363902367847,3.418230362485522,4.401125244463773,4.161480557967204,0.13262131694404233,"Landen Roupp",30076,694738
"Troy Melton","DET",1,1,0,2,2,12,8.25,2.25,1.5,0.038461538461538464,1,0.25,0.1,96.46347191220238,1.5,1.5917992603217683,4.439003976186117,4.770694133639337,0.13085737050209564,"Troy Melton",31807,675512
"Reynaldo López","ATL",0,0,0,2,1,6,6,1.5,0,0.2777777777777778,0.66666667,0.352941176,0,94.63576372931985,1.5,5.04057809734791,2.2723373095194503,4.021187086403371,0.1296228240172001,"Reynaldo Lopez",16400,625643
"Nick Martinez","TBR",1,0,0,2,2,11.2,6.171428907744757,2.314285840404284,1.5428572269361893,0.23529411764705882,0.88235294,0.194444444,0.1,93.07278188069661,3.0857144538723786,4.712803369276807,4.7342421601743165,5.075409197861184,0.1277112033701944,"Nick Martinez",12730,607259
"Devin Williams","NYM",0,0,2,5,0,5,7.2,3.6,0,0.2777777777777778,0.42857143,0.388888888,0,94.30042426530704,0,3.25255512339978,2.7056706428527835,4.204684737324715,0.12744585249973323,"Devin Williams",15816,642207
"Kai-Wei Teng","HOU",1,0,0,2,2,9.2,4.655172719966804,1.8620690879867217,0.9310345439933608,0.3055555555555556,0.66176471,0.324324324,0.058823529,92.2156982421875,4.655172719966804,5.076385259910312,4.347050034843932,5.638419734194301,0.1262699358648932,"Kai-Wei Teng",24282,678906
"Ben Brown","CHC",1,0,0,1,1,6,6,0,1.5,0.17647058823529413,0.76923077,0.222222222,0.09090909,94.91382740162037,3,3.546259719669948,3.9390039761861173,4.520529816051325,0.12388353081302617,"Ben Brown",23590,676962
"Edgardo Henriquez","LAD",0,0,1,6,0,6.1,7.1052635145319645,2.8421054058127857,0,0.07692307692307693,1,0.461538461,0,101.0826704605766,0,1.4852371564635574,2.474091663783276,4.130896798728701,0.12250521250207975,"Edgardo Henriquez",26944,683618
"Alan Rangel","PHI",0,1,0,2,0,9,8,2,1,0.2962962962962963,0.66037736,0.333333333,0.066666666,92.53579711914062,5,2.938572346821016,3.77233730951945,4.826249689194891,0.11945241010661069,"Alan Rangel",19524,660604
"Garrett Whitlock","BOS",0,0,1,6,0,6,7.5,0,1.5,0.3125,1,0.294117647,0.125,,1.5,2.0038422737865176,3.605670642852784,3.4376894354820258,0.11858281752734424,"Garrett Whitlock",20191,676477
"Slade Cecconi","CLE",1,1,0,2,2,12,3.75,3,0.75,0.20512820512820512,0.94827586,0.487179487,0.071428571,92.81928045099431,1.5,4.2274178052784075,4.355670642852784,5.021187086403371,0.1172924403199584,"Slade Cecconi",27500,677944
"Jeff Hoffman","TOR",1,1,0,6,0,6.1,9.947370511838713,4.26315879078802,0,0.26666666666666666,0.875,0.533333333,0,96.243091358858,0,3.369318577331988,2.7898811027944115,3.9733135313801817,0.11612131114173428,"Jeff Hoffman",17432,656546
"Abner Uribe","MIL",0,0,0,6,0,6.1,7.105264651313367,0,1.4210529302626733,0.13333333333333333,1,0.625,0.166666666,,1.4210529302626733,0.9806854695459164,3.5793549529403412,2.9468418568638484,0.11296725958854294,"Abner Uribe",25327,682842
"A.J. Minter","NYM",1,0,0,5,0,5.1,5.062501263572218,0,0,0.1875,0.66666667,0.25,0,92.97826345343339,0,0.9051847793475801,1.980670362058957,5.072387703582805,0.11185903149580789,"A.J. Minter",18655,621345
"Jared Jones","PIT",0,0,0,2,2,7.2,8.217391985801363,3.521739422486299,1.1739131408287662,0.19047619047619047,0.45454545,0.476190476,0.125,97.93098769077035,4.695652563315065,3.990644717240379,4.149148990256132,4.017685425759588,0.1107423067532118,"Jared Jones",27863,683003
"Aaron Civale","ATH",0,3,0,3,3,12,6.75,2.25,1.5,0.4444444444444444,0.60344828,0.212765957,0.083333333,92.14856480189732,9,5.747093976159275,4.77233730951945,5.603698831796647,0.10944014995536361,"Aaron Civale",19479,650644
"Justin Bruihl","STL",0,0,0,5,0,7.1,7.36363770030771,1.2272729500512851,0,0.34615384615384615,0.7,0.48,0,91.79083506266277,1.2272729500512851,2.2204958525153593,1.8783976928014983,3.3092750427167386,0.10715012055395821,"Justin Bruihl",23779,677865
"José Soriano","LAA",0,1,0,3,3,13,13.153846153846153,4.846153846153846,2.076923076923077,0.4411764705882353,0.625,0.486486486,0.333333333,96.95054151191086,7.615384615384615,5.1487936683780875,4.797978335160476,2.835757323641044,0.10679437707944305,"Jose Soriano",22100,667755
"Brent Suter","LAA",0,0,0,5,0,8.1,10.80000041198732,1.080000041198732,1.080000041198732,0.4230769230769231,0.43103448,0.423076923,0.2,,6.480000247192392,4.8909250714629025,2.6256706245422357,1.9650790560258262,0.10396949195194131,"Brent Suter",13942,608718
"Brent Headrick","NYY",0,0,0,6,0,6.1,7.105264651313367,2.8421058605253466,0,0.1875,1,0.3125,0,93.847944317442,0,3.6720499525532833,2.4740915627360396,4.130896962756117,0.10246165572753893,"Brent Headrick",27702,687396
"Cionel Pérez","NYM",0,0,0,4,1,7.1,8.590909463314986,0,1.2272727804735695,0.2631578947368421,0.65217391,0.5,0.2,97.63718032836914,3.681818341420709,4.8507037152026005,2.9693070005779423,2.218634759722585,0.10079968729486762,"Cionel Perez",19614,672335
"Grant Taylor","CHW",2,1,0,5,0,6.2,13.50000140815988,4.0500004224479635,1.350000140815988,0.3333333333333333,0.52631579,0.5625,0.2,97.62973458426339,5.400000563263952,2.6483344670605136,3.405670674145225,2.57993115886783,0.0973692937751698,"Grant Taylor",33927,691799
"Albert Suárez","BAL",0,0,0,3,0,9,9,1,1,0.15789473684210525,1,0.5,0.125,93.47083943684896,1,2.0475720325646347,2.883448420630561,2.7714609490500557,0.09613088694223021,"Albert Suarez",6175,544150
"Cal Quantrill","TEX",0,0,0,3,2,8,7.875,1.125,2.25,0.2916666666666667,0.97222222,0.269230769,0.142857142,94.66189357212612,3.375,3.4730272515115757,4.980670642852783,4.353945308178663,0.09444197483075518,"Cal Quantrill",19312,615698
"Michael Petersen","MIA",0,0,0,7,0,7,12.85714471826775,0,2.57142894365355,0.26666666666666666,0.9375,0.235294117,0.2,97.94726717019383,3.8571434154803246,5.376715641114602,3.962813624070633,2.3899763884986953,0.09084115874383386,"Michael Petersen",20827,656848
"Brooks Raley","NYM",0,2,0,5,0,5,5.4,1.8,0,0.29411764705882354,0.57142857,0.375,0,,3.6,4.348210802521289,3.1056706428527834,4.604684737324715,0.09078994816367134,"Brooks Raley",10061,548384
"Jacob Waguespack","DET",0,0,0,5,0,7.1,6.136364750256425,1.2272729500512851,0,0.10526315789473684,1,0.611111111,0,93.17366843999818,0,1.8743221746755947,2.5602159983855457,3.5822712483250028,0.08718552290554855,"Jacob Waguespack",18318,621097
"Carson Whisenhunt","SFG",1,0,0,1,1,5,3.6,3.6,0,0.3157894736842105,0.75,0.368421052,0,92.8398796530331,3.6,4.445334202567297,3.5056706428527833,5.604290375113488,0.08505595326246806,"Carson Whisenhunt",31676,687931
"Eury Pérez","MIA",1,0,0,2,2,10,8.10000077247627,3.6000003433227867,1.8000001716613934,0.14285714285714285,1,0.52173913,0.2,98.05213216145833,1.8000001716613934,2.5659761435994506,5.405670862197898,4.30468485167162,0.08299525470187706,"Eury Perez",27768,691587
"Cam Schlittler","NYY",1,2,0,3,3,15,16.2,1.8,3,0.3548387096774194,0.78571429,0.285714285,0.25,97.76264851888021,3.6,4.737992899673383,4.839003976186117,2.5043561021486918,0.0824686606376901,"Cam Schlittler",32095,693645
"Tarik Skubal","DET",1,1,0,3,3,17.2,13.245283495535347,0.5094339805975133,3.05660388358508,0.18181818181818182,0.89285714,0.447368421,0.375,97.12103271484375,4.075471844780107,3.14349201500197,4.916991462755053,1.8594946835652493,0.07798613678997471,"Tarik Skubal",22267,669373
"Griffin Jax","TBR",3,0,0,3,3,16,9.5625,1.125,2.25,0.25,0.87719298,0.34090909,0.235294117,96.04429343894675,2.8125,6.621791531066379,4.793170642852783,3.1358731182292106,0.07632486595908482,"Griffin Jax",20253,643377
"Garrett Cleavinger","TBR",1,0,0,6,0,6,9,1.5,1.5,0.16666666666666666,1,0.461538461,0.25,96.60403315226237,1.5,3.7272844268847227,3.7723373095194503,2.6050133725007383,0.07604524115066813,"Garrett Cleavinger",17897,664076
"Steven Cruz","KCR",1,0,0,5,1,6,12.000001907348937,3.000000476837234,1.500000238418617,0.2857142857142857,0.71428571,0.333333333,0.142857142,98.26994323730469,4.500000715255851,2.8197932340871863,3.6056707223256557,3.1878537661326924,0.07566663509964305,"Steven Cruz",23165,674444
"Griffin Canning","SDP",1,0,0,3,1,9.1,6.750000962721587,5.785715110904218,0,0.3939393939393939,0.66666667,0.363636363,0,94.10333641539229,6.750000962721587,5.289431329653044,4.177099367094305,5.783186125954426,0.07109536146531473,"Griffin Canning",19867,656288
"Zebby Matthews","MIN",1,1,0,2,2,13,8.307692307692308,2.076923076923077,2.076923076923077,0.21212121212121213,1,0.361111111,0.166666666,95.15275550956157,2.076923076923077,6.0001785078389345,4.951824489006629,4.027382465967765,0.06999015461231078,"Zebby Matthews",31827,805673
"Paul Blackburn","NYY",0,0,0,6,0,9.1,5.7857150739554095,0.9642858456592349,0.9642858456592349,0.16,1,0.615384615,0.142857142,94.97360229492188,0.9642858456592349,2.888245350015096,3.5342421298124433,3.2656455212158653,0.0684604975474932,"Paul Blackburn",14739,621112
"Rico Garcia","BAL",0,0,0,7,0,6,10.500001825392564,1.5000002607703662,1.5000002607703662,0.35294117647058826,0.45454545,0.277777777,0.125,94.90789286295573,6.000001043081465,4.063117675056415,3.4390040341350865,3.2710227975613146,0.06689111583664667,"Rico Garcia",20023,670329
"Jose Cabrera","ARI",0,1,0,2,2,10,6.3,1.8,1.8,0.27586206896551724,0.88235294,0.333333333,0.133333333,94.07624860491072,3.6,4.012809694510452,5.205670642852784,4.854191784560681,0.0666112323258875,"Jose Cabrera",30412,703615
"Edward Cabrera","CHC",1,0,0,1,1,5,7.2,7.2,0,0.21428571428571427,0.71428571,0.428571428,0,96.79824393136161,3.6,3.728126578066754,3.905670642852783,5.704487556219101,0.06654704150296922,"Edward Cabrera",21690,665795
"Tejay Antone","CIN",0,0,0,6,0,5.2,7.941178865086971,0,1.5882357730173942,0.2,1,0.4375,0.142857142,94.95121917724609,1.5882357730173942,3.253645764785288,4.1644944915310464,3.722100004248497,0.06623023974971831,"Tejay Antone",16233,622088
"Mitch Keller","PIT",1,1,0,2,2,12,6,1.5,1.5,0.2777777777777778,0.6557377,0.342105263,0.105263157,93.2100830078125,4.5,4.605060235173962,4.689003976186117,4.895776292433342,0.06561575082499033,"Mitch Keller",17594,656605
"Yuki Matsui","SDP",0,0,0,5,0,7.1,11.045457986884953,4.909092438615534,1.2272731096538836,0.29411764705882354,1,0.222222222,0.09090909,91.96708193692294,1.2272731096538836,2.053785615284468,4.060216394805804,4.5360104120294436,0.05945998712223717,"Yuki Matsui",33826,673513
"Eric Lauer","LAD",2,0,0,2,1,12,3,3,0.75,0.2,0.86206897,0.43902439,0.052631578,91.0230060734161,2.25,3.563160200345014,4.52233730951945,5.812442959100009,0.05671571278453591,"Eric Lauer",19316,641778
"Freddy Peralta","NYM",0,1,0,2,2,8.1,7.560001153564629,2.160000329589894,2.160000329589894,0.40625,0.28169014,0.382352941,0.125,94.56913791232638,10.80000164794947,3.600051986136111,5.265670972442678,5.023777996918847,0.052323953706951344,"Freddy Peralta",18679,642547
"Trevor McDonald","SFG",0,2,0,2,2,8.1,4.320000164794928,4.320000164794928,0,0.30303030303030304,0.52941176,0.548387096,0,,6.480000247192392,3.850079070680869,4.665670702362063,6.644369382546377,0.05232336212241715,"Trevor McDonald",26448,686790
"Tyler Phillips","MIA",0,1,0,2,2,13.1,3.3750000804662723,2.025000048279763,1.3500000321865089,0.21951219512195122,0.89285714,0.511627906,0.133333333,95.79313829210069,2.7000000643730178,5.4349350310088695,4.980670687556268,4.717061537552259,0.0510749887069,"Tyler Phillips",20629,663969
"Zach Agnos","COL",0,0,0,4,0,8.2,5.192308091068087,5.192308091068087,0,0.37037037037037035,0.66666667,0.481481481,0,94.36142985026042,5.192308091068087,5.820399702179143,3.6825937640825708,4.7203728322627985,0.05069662447848317,"Zach Agnos",31552,688642
"Tyler Mahle","SFG",0,1,0,2,2,10,6.300000600814877,4.500000429153483,0.9000000858306967,0.2,0.72916667,0.423076923,0.125,93.32917179473459,3.6000003433227867,5.611477184234771,4.5056707763672,4.404882042332783,0.04996519975869125,"Tyler Mahle",16358,641816
"Seth Johnson","PHI",1,0,0,5,0,5.2,12.705883778502944,3.176470944625736,1.588235472312868,0.18181818181818182,0.83333333,0.5,0.333333333,98.32765403953758,3.176470944625736,2.1645242408429874,3.6350824669570727,2.134560348617577,0.04631659933229454,"Seth Johnson",26020,686751
"Shane Drohan","MIL",0,0,0,2,2,9.1,7.714285977032729,5.785714482774546,0.9642857471290911,0.28,1,0.384615384,0.111111111,94.39612030564693,0.9642857471290911,4.854742063142073,5.034242137110965,5.086862872858294,0.04101407487821881,"Shane Drohan",27814,675660
"Tanner Gordon","COL",0,1,0,1,1,5,7.2,0,1.8,0.4444444444444444,0.58139535,0.526315789,0.2,93.19163682725694,9,3.5052257351705225,4.705670642852784,3.604684737324715,0.040950813995343144,"Tanner Gordon",27669,685299
"Camilo Doval","NYY",0,0,0,5,0,5,12.600005106928034,3.6000014591222955,1.8000007295611478,0.2727272727272727,0.86956522,0.5,0.2,100.0032326027199,1.8000007295611478,2.7922257658246,4.105671048164532,3.004684696393941,0.03780680654121915,"Camilo Doval",21992,666808
"Tobias Myers","NYM",0,0,0,3,0,7.1,6.136363902367847,2.454545560947139,1.2272727804735695,0.4444444444444444,0.58823529,0.321428571,0.09090909,92.11875440253586,8.590909463314986,5.6447893066850785,4.332943423326353,4.808737312932087,0.037379141027232374,"Tobias Myers",22191,668964
"Caleb Ferguson","CIN",1,0,1,6,0,6,6.000002026558607,1.5000005066396518,1.5000005066396518,0.2777777777777778,1,0.526315789,0.2,92.5340734411169,1.5000005066396518,2.43284123553267,4.439004426532474,3.5215158620351303,0.034804092351928495,"Caleb Ferguson",19349,657571
"Chase Silseth","LAA",2,0,0,6,0,5,16.200003379584064,5.4000011265280214,1.8000003755093403,0.45454545454545453,0.52631579,0.083333333,0.142857142,96.4582010904948,9.000001877546703,3.4622982751937035,3.9056708097458235,3.404290437410431,0.031592277618461964,"Chase Silseth",30074,681217
"Nate Pearson","HOU",0,0,0,4,0,6.1,4.263158108719178,5.684210811625571,0,0.3333333333333333,0.54545455,0.523809523,0,97.3487548828125,4.263158108719178,4.87259417780456,4.053039111457045,5.236471350703777,0.028416716528441705,"Nate Pearson",20160,663878
"Tomoyuki Sugano","COL",1,0,0,2,2,11,5.7272727272727275,0.8181818181818182,2.4545454545454546,0.2647058823529412,0.56818182,0.305555555,0.157894736,92.49402214499081,6.545454545454546,5.37902681511428,5.651125188307329,4.694876806031574,0.027275789435841656,"Tomoyuki Sugano",35321,608372
"Brandon Pfaadt","ARI",1,0,0,1,1,5.1,3.375000201165688,1.687500100582844,1.687500100582844,0.13333333333333333,1,0.375,0.111111111,92.57565542367789,1.687500100582844,2.4299066254322605,5.355670776963242,5.447757066873397,0.02536886965348092,"Brandon Pfaadt",27782,694297
"Lake Bachar","MIA",0,0,1,5,1,5.2,4.7647073190521825,6.352943092069577,0,0.3333333333333333,0.8,0.470588235,0,94.40612614949545,3.1764715460347883,4.324759273593473,4.1644944915310464,5.751686364262778,0.020782463901816806,"Lake Bachar",19222,669199
"Calvin Faucher","MIA",0,1,0,5,0,5,1.8000003647804999,1.8000003647804999,0,0.13333333333333333,0.5,0.333333333,0,96.77490234375,3.6000007295609997,4.451084774069794,3.90567080497745,5.704488082884508,0.020324891689469864,"Calvin Faucher",20116,676534
"Kyle Finnegan","DET",0,0,0,5,0,5.2,14.294119250815813,4.764706416938604,1.588235472312868,0.36363636363636365,0.90909091,0.5,0.25,96.52616477499203,3.176470944625736,5.100892875541172,3.811553074991836,2.5755628853564816,0.019692849935869675,"Kyle Finnegan",15009,640448
"David Peterson","- - -",1,1,0,2,2,9.2,6.517241807953526,1.8620690879867217,1.8620690879867217,0.3103448275862069,0.58823529,0.419354838,0.181818181,92.48017035590277,5.586207263960165,4.715922601203836,4.967739730839505,3.983859152941935,0.0186581792706266,"David Peterson",20302,656849
"George Soriano","STL",0,1,0,6,0,6,4.5000007376076,7.500001229346,0,0.16666666666666666,0.5,0.411764705,0,95.98150371683055,6.0000009834768,4.807321735081737,4.605670888721983,6.604356675628022,0.017049286324328124,"George Soriano",21863,666277
"Yohan Ramírez","PIT",1,0,0,5,0,6,9.0000015199187,6.000001013279133,0,0.2857142857142857,1,0.692307692,0,96.32846037546794,0,5.114081145726092,4.105670811732638,4.605342260941043,0.013195576690107739,"Yohan Ramirez",19444,670990
"Jake Bird","NYY",0,0,0,5,0,5.1,8.43750050291422,0,1.687500100582844,0.23076923076923078,1,0.285714285,0.166666666,,1.687500100582844,5.8151971094068236,4.230670709908013,3.479561521419339,0.012979711863838153,"Jake Bird",21267,656234
"Danny Coulombe","BOS",0,0,0,7,0,5.1,1.6875004400500313,5.062501320150094,0,0.2777777777777778,0.875,0.333333333,0,89.72852384127103,1.6875004400500313,3.8692896467631894,4.418170985113919,6.6666927131695495,0.011946343837141077,"Danny Coulombe",13293,543056
"Matt Strahm","KCR",0,0,0,6,0,5,3.6000007510186807,5.4000011265280214,0,0.29411764705882354,0.5,0.176470588,0,90.76879552205403,7.200001502037361,3.027370319485734,4.105670851469084,7.103699665850495,0.004523840491673656,"Matt Strahm",13799,621381
"Aaron Ashby","MIL",1,1,0,7,0,6,10.500001825392564,6.000001043081465,1.5000002607703662,0.21428571428571427,0.60606061,0.266666666,0.111111111,98.27409744262695,6.000001043081465,2.8341036298913633,4.939004294905453,5.020858784176831,0.0035272477584110855,"Aaron Ashby",23550,676879
"Travis Adams","MIN",0,0,0,3,0,5,16.200003089905376,7.200001373291277,1.8000003433228193,0.4444444444444444,0.52631579,0.375,0.333333333,94.69210815429688,9.000001716614097,4.739253723543234,4.505670909881643,2.8050790422026446,0.003105462819383624,"Travis Adams",30180,701519
"JoJo Romero","STL",0,0,0,5,0,5,7.200001459121999,0,1.8000003647804999,0.3125,0.86956522,0.470588235,0.2,,3.6000007295609997,3.566578766876172,4.105670845508617,3.004684716859332,0.002369234870300596,"JoJo Romero",19574,668941
"Dennis Santana","PIT",0,0,0,5,0,5.1,10.125000603497064,5.062500301748532,1.687500100582844,0.16666666666666666,0.65217391,0.23076923,0.125,94.05407060895648,5.062500301748532,2.3862759971479197,4.9806707546114986,4.791691885055378,0.0007686794285681189,"Dennis Santana",17878,642701
"Tyler Holton","DET",0,0,0,5,0,6.2,5.40000051498418,2.70000025749209,1.350000128746045,0.2608695652173913,0.78947368,0.375,0.09090909,91.06614358084542,1.350000128746045,2.52614970378893,4.755670800209061,5.279044106000516,0.0005197229865496235,"Tyler Holton",26231,663947
"Chad Patrick","MIL",2,1,1,6,0,11.2,10.02857366586268,4.628572461167391,1.542857487055797,0.21428571428571427,0.625,0.413793103,0.166666666,96.11856598549701,5.400001204695289,4.057907075960079,4.6485281299085806,3.9617996167334413,-0.00111213440062643,"Chad Patrick",30113,694477
"Shota Imanaga","CHC",1,0,0,2,2,11.2,6.171428907744757,0.7714286134680947,2.314285840404284,0.2857142857142857,0.81632653,0.351351351,0.176470588,91.91727895585318,4.628571680808568,3.407683058039724,5.334242192871724,4.17566266739325,-0.0017628748113368844,"Shota Imanaga",33829,684007
"Ryan Rolison","CHC",0,0,1,5,1,5,7.200001502037361,1.8000003755093403,1.8000003755093403,0.2,1,0.363636363,0.166666666,94.4203696872877,1.8000003755093403,3.259767381004946,4.705670976638864,3.9044877228653303,-0.005757845867489784,"Ryan Rolison",22200,669020
"José Suarez","ATH",0,0,0,4,0,8.1,8.640001318359577,1.080000164794947,2.160000329589894,0.2,1,0.454545454,0.181818181,92.97748357599431,2.160000329589894,1.6407696692092908,4.6656708808899285,3.5243693114440795,-0.007763427382679852,"Jose Suarez",19911,660761
"Tyler Rogers","TOR",0,0,0,6,0,5.2,0,4.764706467056016,0,0.3793103448275862,0.5,0.607142857,0,,1.588235489018672,5.694013201979474,4.693906131871455,6.016565789304517,-0.009670648146962332,"Tyler Rogers",15541,643511
"Will Warren","NYY",0,2,0,2,2,11.1,6.352941889251472,3.97058868078217,1.588235472312868,0.325,0.52325581,0.425,0.153846153,93.14274649784483,5.558824153095038,8.448446870839472,5.311553243287323,4.736892875412322,-0.01092461129006245,"Will Warren",30182,701542
"Chris Paddack","- - -",0,0,0,2,0,8.1,3.240000123596196,1.080000041198732,1.080000041198732,0.30303030303030304,0.75471698,0.424242424,0.1,92.5540044875372,4.320000164794928,4.902926444532066,4.305670688629152,4.5444876111056125,-0.01627216764688768,"Chris Paddack",20099,663978
"Grant Holmes","ATL",0,1,0,2,1,8.2,8.307692917141027,5.192308073213143,1.0384616146426284,0.15,1,0.476190476,0.142857142,93.96007513230846,1.0384616146426284,4.444603654256194,4.490286129042955,4.201028261050453,-0.01787991474959559,"Grant Holmes",16944,656550
"Rhett Lowder","CIN",0,3,0,3,3,15.2,10.914894724388805,2.8723407169444224,2.8723407169444224,0.4166666666666667,0.75,0.384615384,0.238095238,93.60286754261364,7.468085864055498,7.064148779963289,5.978011359797206,3.838391737440403,-0.01994366178863914,"Rhett Lowder",33876,695076
"Austin Warren","NYM",0,0,0,5,0,6.2,10.80000102996836,6.750000643730225,1.350000128746045,0.21428571428571427,1,0.533333333,0.333333333,93.69333688836349,1.350000128746045,4.78177129136945,4.905670814514178,3.6302270353907486,-0.02265653821626943,"Austin Warren",24937,681810
"Craig Kimbrel","TBR",0,0,0,6,0,6,6,3,1.5,0,0.625,0.266666666,0.166666666,94.08035224780701,3,5.176042900858644,4.939003976186117,4.271351403991382,-0.029913511398495986,"Craig Kimbrel",6655,518886
"Julian Garcia","CIN",0,1,0,3,0,5.2,12.705885916846196,7.941178698028873,1.5882357396057745,0.1111111111111111,0.89285714,0.4,0.2,92.50063214983258,3.176471479211549,3.297390801333617,5.223318295660483,4.251859871237202,-0.036575210112181775,"Julian Garcia",22362,670062
"Adrian Houser","SFG",0,0,0,2,0,7.2,2.3478262816575324,1.1739131408287662,1.1739131408287662,0.15384615384615385,0.86956522,0.538461538,0.1,95.94561089409723,2.3478262816575324,2.705711776132073,4.670888163957805,4.930471786969736,-0.03785792542139273,"Adrian Houser",12718,605288
"Ryan Yarbrough","NYY",0,0,0,6,0,7.2,4.695653220431123,4.695653220431123,1.1739133051077808,0.2962962962962963,0.47619048,0.259259259,0.083333333,87.29262984426398,8.217393135754465,4.273218078451315,5.714366876425629,6.364997777996202,-0.039858536310300556,"Ryan Yarbrough",16502,642232
"Carlos Carrasco","ATL",0,0,0,2,0,5.2,3.176470944625736,0,1.588235472312868,0.25,0.71428571,0.47368421,0.166666666,91.74059982299805,4.764706416938604,6.24964209459281,5.223317939269941,4.51639160704287,-0.04133785299076593,"Carlos Carrasco",6632,471911
"Bryce Elder","ATL",0,2,0,2,2,10,9,2.7,2.7,0.42424242424242425,0.44303797,0.333333333,0.23076923,91.82337890625,11.7,6.624076517227081,5.905670642852783,3.9543889656662943,-0.04352915980126064,"Bryce Elder",27779,693821
"Gerrit Cole","NYY",0,2,0,2,2,9.2,9.310345439933608,1.8620690879867217,2.7931036319800824,0.3939393939393939,0.65217391,0.314285714,0.176470588,97.05707256610577,8.379310895940248,5.8809382761056925,5.691877709501008,4.293592059537224,-0.04554876119998482,"Gerrit Cole",13125,543037
"Noah Cameron","KCR",1,2,0,3,3,13.2,7.243902776015807,5.268292928011496,1.317073232002874,0.4423076923076923,0.62111801,0.24,0.095238095,92.23285127527573,9.219512624020117,8.185993270894947,5.59347563663599,5.994399751670959,-0.046252765792342596,"Noah Cameron",30184,702070
"Geoff Hartlieb","ATH",1,1,0,4,0,8.2,3.115384865353819,3.115384865353819,1.0384616217846063,0.3125,0.71428571,0.272727272,0.055555555,95.1795166015625,5.192308108923031,3.5521975086531885,4.951824637136528,6.565161732027596,-0.04652047227961997,"Geoff Hartlieb",19558,664129
"Drey Jameson","ARI",0,0,0,4,0,5.2,6.352941889251472,4.764706416938604,1.588235472312868,0.35294117647058826,0.81395349,0.333333333,0.142857142,96.41526794433594,4.764706416938604,4.922035547735925,5.576259155339467,5.133864751816537,-0.046995711703008834,"Drey Jameson",26260,686753
"Eric Orze","MIN",0,0,0,5,0,5.1,8.437502153101926,3.3750008612407707,1.6875004306203853,0.35294117647058826,0.69767442,0.555555555,0.166666666,93.26422373453777,6.750001722481541,3.7735198825180714,5.355671217013297,4.604561881624348,-0.04788867416171872,"Eric Orze",27626,679358
"Patrick Corbin","TOR",0,1,0,2,2,8,10.1250012069942,4.500000536441867,2.2500002682209335,0.44,0.65789474,0.296296296,0.181818181,92.10291431568287,9.000001072883734,5.904003574143969,5.980670985579532,4.791815223755787,-0.04805283547772762,"Patrick Corbin",9323,571578
"Matthew Liberatore","STL",1,2,0,3,3,12,10.500000834465093,4.500000357627897,2.2500001788139485,0.3611111111111111,0.4787234,0.282051282,0.157894736,94.32731827445652,9.000000715255794,5.445800495331922,5.772337521447093,4.895776434698168,-0.04987052562162972,"Matthew Liberatore",22294,669461
"Lucas Erceg","KCR",0,0,0,6,0,6.1,4.263158108719178,1.4210527029063929,1.4210527029063929,0.17647058823529413,0.86956522,0.611111111,0.2,97.0886818214699,2.8421054058127857,3.676633989556814,5.158302324828685,4.289102882099516,-0.05180592004478212,"Lucas Erceg",19360,668674
"Evan Sisk","PIT",0,0,0,5,0,5.1,8.437500550062431,3.3750002200249725,1.6875001100124862,0.3125,0.81395349,0.5625,0.25,91.96559102911698,5.062500330037459,5.934357111094628,5.918170826206928,4.6049313114474035,-0.052405729913713194,"Evan Sisk",24995,681895
"Simeon Woods Richardson","TOR",1,0,0,2,0,6,3,10.5,0,0.1875,1,0.3125,0,91.8461962890625,0,7.8668581488833045,5.939003976186117,8.187525117894014,-0.05345385211619313,"Simeon Woods Richardson",24494,680573
"Matthew Boyd","CHC",1,0,0,2,2,9.2,5.586207263960165,3.7241381759734433,1.8620690879867217,0.3125,0.98591549,0.44117647,0.166666666,93.2094528610642,2.7931036319800824,5.677029449950088,6.1056708401647235,5.276860696032298,-0.05525557793010896,"Matthew Boyd",15440,571510
"Michael Rucker","SEA",0,1,0,5,0,5.1,13.50000088009989,6.750000440049945,1.6875001100124862,0.36363636363636365,0.58139535,0.454545454,0.333333333,95.55098179408482,8.437500550062431,3.998828554975818,5.355670789536099,3.761366113739725,-0.05730649734748611,"Michael Rucker",19454,621074
"Jonathan Hernández","LAD",0,0,0,4,0,5,9.000001716614097,9.000001716614097,1.8000003433228193,0.5263157894736842,0.47945205,0.3,0.111111111,97.35812908670177,16.200003089905376,7.187851629260319,6.705671329498422,6.803896718282905,-0.057616913188942076,"Jonathan Hernandez",17464,642546
"Hunter Brown","HOU",0,0,0,2,2,9,8,4,2,0.2692307692307692,0.90163934,0.5,0.166666666,96.04193474264706,3,3.584817020352898,6.216781753963895,5.326578324370914,-0.06810272794991742,"Hunter Brown",25880,686613
"Chase Petty","CIN",0,0,1,4,0,5.2,7.94117736156434,6.352941889251472,1.588235472312868,0.2777777777777778,0.69767442,0.47368421,0.142857142,97.08907413482666,4.764706416938604,5.1046827246283515,5.75272976337423,5.310335359851301,-0.07124019170045935,"Chase Petty",30170,695534
"Mike Paredes","MIN",0,1,0,2,2,10.1,2.6129033061889926,2.6129033061889926,1.7419355374593284,0.3076923076923077,0.84507042,0.425,0.153846153,92.63378477933114,4.354838843648321,7.757333404837837,5.912122342092813,5.281849731877669,-0.07362881695828866,"Mike Paredes",30187,702474
"Max Rajcic","STL",0,0,0,4,0,5.2,6.352943025246336,6.352943025246336,1.588235756311584,0.1875,0.60606061,0.352941176,0.111111111,95.02273004705256,6.352943025246336,4.243451049908704,6.105671515885776,6.1923409852688405,-0.07603870851182722,"Max Rajcic",31873,691008
"JT Brubaker","SFG",0,0,0,3,0,6.2,2.70000025749209,2.70000025749209,1.350000128746045,0.05555555555555555,1,0.315789473,0.09090909,92.7851333618164,1.350000128746045,3.9657041174133694,5.3556708574295255,5.87904416322098,-0.078702559960611,"JT Brubaker",17578,664141
"Sam Aldegheri","LAA",1,2,0,3,3,12.2,5.684210811625571,3.5526317572659822,2.131579054359589,0.29545454545454547,0.56179775,0.361702127,0.166666666,91.779162109375,8.526316217438357,6.812148190967692,6.342512910584012,5.393743418264278,-0.0801859444019805,"Sam Aldegheri",26443,691951
"Mitchell Parker","WSN",1,0,0,5,0,7.2,7.043479748507167,5.869566457089306,1.1739132914178612,0.4,0.54794521,0.375,0.111111111,93.85162353515625,9.39130633134289,5.945187374844889,5.192627605373426,5.256687642848713,-0.08229411891439053,"Mitchell Parker",27636,680730
"Andrew Abbott","CIN",1,0,0,2,2,10.1,10.45161322475597,3.4838710749186568,3.4838710749186568,0.25925925925925924,1,0.466666666,0.307692307,92.47967447916666,3.4838710749186568,4.837551535409049,6.976638503873513,3.8302367839948945,-0.09495452295288992,"Andrew Abbott",29911,671096
"Beck Way","KCR",0,0,0,7,0,9.2,6.517241807953526,3.7241381759734433,1.8620690879867217,0.25,1,0.466666666,0.222222222,96.94312873253456,1.8620690879867217,4.11053195786979,5.588429426835079,4.294407981407221,-0.09886597704832091,"Beck Way",27877,694360
"Trevor Richards","CHW",0,0,0,4,0,5.1,8.43750050291422,3.375000201165688,3.375000201165688,0.08333333333333333,1,0.428571428,0.333333333,92.05380667892157,3.375000201165688,8.137943479883866,7.230670888721958,4.042061554946954,-0.10112082600404669,"Trevor Richards",19309,670950
"Sam Bachman","LAA",0,0,1,5,0,5,5.4,3.6,1.8,0.14285714285714285,0.83333333,0.266666666,0.166666666,,3.6,6.176167959676206,5.705670642852784,4.904487556219101,-0.10449453176060579,"Sam Bachman",29754,696147
"Zac Gallen","ARI",0,2,0,2,2,10.2,1.687500100582844,3.375000201165688,1.687500100582844,0.3181818181818182,0.38461538,0.326086956,0.105263157,93.00126737706802,11.812500704079909,10.237591412375238,6.574420849606407,6.8070397192497,-0.10449540769599171,"Zac Gallen",19291,668678
"Jakob Junis","TEX",0,0,1,6,0,6,9.00000303983791,1.5000005066396518,3.0000010132793036,0.42857142857142855,0.76086957,0.304347826,0.2,92.62697799117477,7.500002533198258,5.420879287290797,5.939004933172125,4.104027804177438,-0.10898335792684757,"Jakob Junis",13619,596001
"Orion Kerkering","PHI",2,0,0,6,0,6,13.5,9,1.5,0.25,0.75471698,0.23076923,0.142857142,97.50542068481445,6,5.393020281613062,6.27233730951945,5.854520419736704,-0.10982961620186125,"Orion Kerkering",31776,689147
"Jason Adam","SDP",0,1,1,7,0,7,6.428571428571429,0,2.5714285714285716,0.21052631578947367,0.71428571,0.428571428,0.2,93.66435029771593,5.142857142857143,3.007243301481902,5.819956357138498,4.247119349241257,-0.11034036065277363,"Jason Adam",11861,592094
"Brad Lord","WSN",0,1,0,3,0,6.1,17.05263516315208,5.684211721050693,2.8421058605253466,0.5384615384615384,0.625,0.4,0.4,94.2244183084239,9.947370511838713,7.479459645324087,5.789881733348944,2.86805014117588,-0.11932724875268978,"Brad Lord",31972,695418
"Peter Lambert","HOU",1,1,0,3,3,17.1,7.788462109819713,3.1153848439278855,2.5961540366065714,0.17777777777777778,1,0.26,0.166666666,93.47727788880815,3.6346156512491996,2.968006954044536,6.33644011062985,5.180887497060436,-0.12390948512810716,"Peter Lambert",17969,663567
"Pete Fairbanks","MIA",0,0,3,5,0,5,7.2,0,3.6,0.21428571428571427,0.625,0.25,0.222222222,97.7898956298828,7.2,8.479013331317388,7.305670642852784,4.8038960129022605,-0.12950885385008423,"Pete Fairbanks",17998,664126
"Taylor Clarke","ARI",0,0,0,6,0,6.2,5.40000051498418,1.350000128746045,2.70000025749209,0.125,1,0.5,0.333333333,94.77067756652832,2.70000025749209,10.631426974659497,6.705670986175571,4.154783427928714,-0.13821666081286765,"Taylor Clarke",17611,664199
"JR Ritchie","ATL",0,1,0,2,2,10,9.9,6.3,2.7,0.28,0.546875,0.357142857,0.214285714,95.32962683475378,8.1,5.123941594269745,6.905670642852783,5.104290375113488,-0.1390271868651182,"JR Ritchie",31760,702275
"Martín Pérez","ATL",1,2,0,3,3,15,6,5.4,1.8,0.2608695652173913,0.80808081,0.489361702,0.2,88.56366838727679,4.8,5.509463599832978,6.172337309519451,5.071351403991382,-0.14538344201761128,"Martin Perez",6902,527048
"Kevin Kelly","TBR",0,1,1,6,0,6.1,7.105264617878614,1.4210529235757228,2.8421058471514455,0.3157894736842105,0.96774194,0.523809523,0.5,92.89258670806885,4.263158770727168,9.12727459628473,6.10567125929042,2.9471531962630224,-0.1468850669915695,"Kevin Kelly",25679,687330
"Trey Gibson","BAL",0,1,0,3,3,11.2,13.885715042425703,9.257143361617135,2.314285840404284,0.4375,0.64516129,0.457142857,0.333333333,95.09762137276786,10.02857197508523,6.926742406096289,6.448527967881193,4.262053007320397,-0.15500885381869248,"Trey Gibson",33794,694346
"Roki Sasaki","LAD",0,1,0,2,2,9.2,7.448276351946887,5.586207263960165,2.7931036319800824,0.17391304347826086,0.81632653,0.36,0.23076923,98.13783697434414,5.586207263960165,5.682500419588636,7.657395080153659,5.638827695129299,-0.16370562928700236,"Roki Sasaki",35323,808963
"Robby Ahlstrom","TEX",2,0,0,7,0,5,3.6000007510186807,7.200001502037361,1.8000003755093403,0.29411764705882354,0.58139535,0.529411764,0.142857142,94.18215135846819,9.000001877546703,4.803341001634326,7.305671519041244,6.804291146705852,-0.16468077382155027,"Robby Ahlstrom",30167,695239
"Emmet Sheehan","LAD",1,1,0,2,2,8.1,9.720000370788588,5.40000020599366,3.240000123596196,0.30434782608695654,0.76271186,0.36,0.272727272,94.15294637559336,7.560000288391124,6.086230394299486,7.785670821380622,5.084369323037097,-0.16903138969498008,"Emmet Sheehan",29839,686218
"Joe Ross","TEX",0,1,0,3,0,5,7.200001373291277,3.6000006866456387,3.6000006866456387,0.35294117647058826,0.69444444,0.47368421,0.285714285,95.35626636851917,7.200001373291277,9.556110626021121,7.905671558380302,4.8042906990995515,-0.17400888960727004,"Joe Ross",12972,605452
"Miles Mikolas","WSN",0,2,0,3,1,16.1,3.3061225133257985,0.5510204188876331,2.2040816755505324,0.3114754098360656,0.59782609,0.359375,0.166666666,93.30399964347718,6.061224607763964,4.845060122164225,5.738323755315919,4.757283221976856,-0.1765857708856493,"Miles Mikolas",9803,571945
"Sean Sullivan","COL",0,2,0,3,3,13.2,6.585366160014369,5.926829544012932,2.634146464005748,0.34782608695652173,0.57377049,0.163265306,0.121212121,87.95754503847948,10.536585856022992,3.773966658529888,7.642256219751571,7.456948780709506,-0.1767390211685911,"Sean Sullivan",33502,807743
"Merrill Kelly","ARI",0,2,0,2,2,12,3.75,3.75,2.25,0.3,0.75949367,0.452380952,0.214285714,92.1751634247449,6,7.554605763933802,6.77233730951945,5.271187086403371,-0.18151179368180403,"Merrill Kelly",11156,518876
"Shawn Armstrong","CLE",1,0,0,7,0,5.2,11.117650411121758,3.1764715460347883,3.1764715460347883,0.4117647058823529,0.65217391,0.529411764,0.285714285,93.50687273810891,9.529414638104365,4.320327216401201,6.811554113226703,4.075041287141251,-0.18211507483782904,"Shawn Armstrong",12857,542888
"Gordon Graceffo","STL",1,0,0,4,0,5,0,10.80000424862075,1.8000007081034586,0.25,0.56603774,0.523809523,0.142857142,95.2454605102539,10.80000424862075,11.745368833994213,9.305673081875806,8.80429261689812,-0.18985027591185932,"Gordon Graceffo",29519,700669
"Randy Vásquez","SDP",0,2,0,2,1,6.2,2.70000025749209,5.40000051498418,2.70000025749209,0.4375,0.34883721,0.352941176,0.181818181,95.43377340064859,13.50000128746045,15.45653740182714,8.205671129226731,6.779044249051677,-0.18990560942210477,"Randy Vasquez",24719,681190
"Elvis Alvarado","ATH",1,2,0,6,0,7,9.000002605575226,0,3.857143973817954,0.14285714285714285,1,0.352941176,0.3,99.28357146507086,5.142858631757272,3.9546006934412565,6.677100248239778,3.24711939019184,-0.19031840902051494,"Elvis Alvarado",21662,665660
"Mason Fluharty","TOR",0,0,1,8,0,5,5.4000011265280214,9.000001877546703,1.8000003755093403,0.35294117647058826,0.66037736,0.411764705,0.142857142,,9.000001877546703,4.543252186133912,7.505671560764505,7.004291188429113,-0.19407382282400498,"Mason Fluharty",31553,689254
"Jacob Webb","CHC",2,1,1,6,0,5.2,14.294119401168048,6.352941956074688,3.176470978037344,0.25,0.80645161,0.357142857,0.4,94.59595505734707,6.352941956074688,6.318609769676267,6.635082840672055,3.369506640940063,-0.20105347201308224,"Jacob Webb",19274,657097
"Kodai Senga","NYM",0,2,0,2,1,8.2,10.384616146426286,6.230769687855771,3.1153848439278855,0.2,0.51020408,0.391304347,0.272727272,95.88668387276786,9.346154531783656,4.774991279240989,7.721055596820021,5.123650218489873,-0.20445358561735016,"Kodai Senga",31838,673540
"Shane McClanahan","TBR",0,1,0,2,2,9.2,6.517241807953526,5.586207263960165,2.7931036319800824,0.21428571428571427,0.64814815,0.466666666,0.3,96.32230398995536,3.7241381759734433,9.33524585551806,7.55394679748773,5.070168111167939,-0.20620835016424577,"Shane McClanahan",21483,663556
"Seth Lugo","KCR",1,1,0,2,2,11,2.4545454545454546,4.090909090909091,2.4545454545454546,0.25,0.625,0.47368421,0.1875,91.74239730834961,6.545454545454546,4.578352799709425,7.469307006489147,6.1042365984483204,-0.23784306278582748,"Seth Lugo",12447,607625
"Enyel De Los Santos","HOU",0,1,1,6,0,6.2,6.750000643730225,1.350000128746045,4.050000386238135,0.3,0.68965517,0.478260869,0.333333333,95.27305634167729,6.750000643730225,6.302491606144636,7.9056711006165,4.079339763246215,-0.25394599985123234,"Enyel De Los Santos",18403,660853
"JP Sears","SDP",1,1,0,2,2,10.1,7.8387106420099375,4.3548392455610765,3.483871396448861,0.28125,0.72580645,0.285714285,0.235294117,92.62748386548913,6.967742792897722,7.269804716410429,7.847606710241511,5.281468291823037,-0.2557912931198424,"JP Sears",23429,676664
"Mitch Farris","LAA",0,0,0,3,0,7,9,6.428571428571429,3.857142857142857,0.23076923076923078,0.76923077,0.4375,0.428571428,91.84970259232955,7.714285714285714,12.602736031539198,9.248527785709927,5.176113308753287,-0.26031265934993897,"Mitch Farris",33628,815083
"Kevin Gausman","TOR",0,3,0,3,3,14,9,5.142857142857143,3.2142857142857144,0.3953488372093023,0.69565217,0.4375,0.263157894,93.83736419677734,9,6.799762807559562,7.46281349999564,4.854332628207548,-0.267471989269964,"Kevin Gausman",14107,592332
"Aaron Nola","PHI",0,1,0,3,3,14.1,10.046511850723263,3.1395349533510197,3.7674419440212237,0.3,0.70512821,0.272727272,0.25,92.23813763786765,6.906976897372243,4.548249289968374,7.570787020952012,4.638903579229154,-0.26937762891100364,"Aaron Nola",16149,605400
"Chase Shugart","PHI",0,0,0,6,0,5,14.400003004074723,5.4000011265280214,7.200001502037361,0.46153846153846156,0.67567568,0.117647058,0.363636363,96.47806040445964,14.400003004074723,8.983461993025255,12.105672520399487,5.0035020466095155,-0.2773405762858141,"Chase Shugart",21544,663767
"Shane Bieber","TOR",0,0,0,2,2,9,6.000000635782945,4.000000423855297,4.000000423855297,0.3448275862068966,0.96774194,0.272727272,0.285714285,92.19039269649622,6.000000635782945,16.878595287080387,8.88344903286599,5.43747059245109,-0.2893661588784417,"Shane Bieber",19427,669456
"Braydon Fisher","TOR",1,1,0,5,1,6.2,2.70000025749209,5.40000051498418,2.70000025749209,0.05263157894736842,0.71428571,0.4,0.2,94.51474108014789,4.050000386238135,4.6136411454629185,8.205671129226731,6.554192113437317,-0.29742929697522474,"Braydon Fisher",24609,680755
"Cade Smith","CLE",0,1,3,5,0,5.2,12.705886050492673,6.352943025246336,3.176471512623168,0.375,0.78431373,0.444444444,0.333333333,96.1313459123884,6.352943025246336,13.24856125650031,7.5174366326071835,4.5163918592995085,-0.3130939914190073,"Cade Smith",27867,671922
"Zack Littell","WSN",1,1,0,3,2,14,6.428571428571429,2.5714285714285716,3.857142857142857,0.225,1,0.304347826,0.260869565,91.59442052706866,5.142857142857143,8.281266748799247,8.105670642852782,4.996908083770957,-0.3285095764957923,"Zack Littell",15823,641793
"Jeffrey Springs","ATH",0,1,0,3,3,14.1,7.534884389379137,6.279070324482614,3.139535162241307,0.25,0.55555556,0.244444444,0.192307692,91.66929170005342,9.418605486723921,6.967713157431015,8.059159454389068,6.24341741816359,-0.3309613760240236,"Jeffrey Springs",17677,605488
"Spencer Arrighetti","HOU",0,2,0,2,2,9,15,5,6,0.3125,0.34883721,0.238095238,0.5,91.79413559857537,14,6.483019499096671,10.439003976186116,3.771022768815359,-0.41403444074003026,"Spencer Arrighetti",29921,681293
"Javier Assad","CHC",2,0,0,3,2,13.1,4.725000450611158,2.70000025749209,4.050000386238135,0.225,0.94339623,0.282608695,0.272727272,93.35893947795286,6.075000579357202,7.863606296761946,8.805671186447196,5.429044120305631,-0.4768231365643838,"Javier Assad",21741,665871
"Joel Kuhnel","MIL",0,1,2,5,0,5.1,3.375000201165688,8.43750050291422,3.375000201165688,0.1875,0.65217391,0.647058823,1,94.47188110351563,6.750000402331376,10.431552876111724,11.16817112341526,6.855301151775152,-0.5291814285578516,"Joel Kuhnel",19995,669270
