Name,Team,PA,Events,EV,EV90,maxEV,LA,Barrels,Barrel%,HardHit,HardHit%,AVG,xBA,SLG,xSLG,wOBA,xwOBA,NameASCII,PlayerId,MLBAMID
"Rowdy Tellez","ATL",6,4,92.32499694824219,105.9,105.9,24,1,0.25,2,0.5,0.2,0.3799999952316284,0.2,0.8049999237060547,0.2650311390558879,0.5304096738497416,"Rowdy Tellez",15679,642133
"Garrett Mitchell","MIL",41,26,95.91153863760141,109.1,111.8,8.73076923076923,7,0.26923077,18,0.69230769,0.388888888,0.3783888957566685,0.777777777,0.826972229199277,0.5178821232260727,0.5299339138153123,"Garrett Mitchell",27555,669003
"Luis García Jr.","WSN",47,36,92.27500004238553,108.1,114,17.86111111111111,8,0.22222222,19,0.52777778,0.404761904,0.3636666586001714,1.071428571,0.8229761982247943,0.6240729118915315,0.5188785055850414,"Luis Garcia Jr.",20391,671277
"Heliot Ramos","SFG",34,26,94.75,110.7,111.7,4.961538461538462,8,0.30769231,17,0.65384615,0.3125,0.3691562442108989,0.84375,0.8328749807551503,0.4907907387789558,0.5158210659728331,"Heliot Ramos",22515,671218
"Tyler O'Neill","BAL",17,7,95.24285670689174,109.5,109.5,17,2,0.28571429,3,0.42857143,0.166666666,0.3188333424429099,0.5,0.7061666746934255,0.4000392801621381,0.5114876338664223,"Tyler O'Neill",15711,641933
"Graham Pauley","MIA",6,5,90.62000122070313,100,100,21.8,1,0.2,4,0.8,0.333333333,0.4198333223660787,0.666666666,0.7473333279291788,0.42008793354034424,0.49649999539057416,"Graham Pauley",31363,688363
"Miguel Vargas","CHW",56,39,92.97948827498999,104.1,106.3,19.23076923076923,8,0.20512821,22,0.56410256,0.311111111,0.33837777607970765,0.688888888,0.7162000023656421,0.45855184251611886,0.49187494191256437,"Miguel Vargas",20178,678246
"Willson Contreras","BOS",49,35,92.28571428571429,112.2,114.4,19.457142857142856,7,0.2,19,0.54285714,0.302325581,0.3437441885471344,0.65116279,0.7194185936173727,0.4386047173519524,0.4786683278424399,"Willson Contreras",11609,575929
"Rafael Devers","SFG",53,37,93.16216174976246,108,111.4,18.37837837837838,9,0.24324324,20,0.54054054,0.29787234,0.28706382944228803,0.765957446,0.8012553161763131,0.4735545774675765,0.47852354791929136,"Rafael Devers",17350,646240
"Juan Soto","NYM",51,33,90.19090964577414,104.9,107.8,13.030303030303031,5,0.15151515,15,0.45454545,0.297297297,0.33581081516033895,0.54054054,0.5887297343563389,0.44533937215805053,0.4731190812587738,"Juan Soto",20123,665742
"Edmundo Sosa","PHI",19,15,91.91333465576172,106.5,107.7,3.6,3,0.2,7,0.46666667,0.111111111,0.3622777859369914,0.333333333,0.6974444455570645,0.21064675481695877,0.46449777640794454,"Edmundo Sosa",17022,624641
"Max Schuemann","NYY",17,8,96.56249809265137,103.6,103.6,32.125,4,0.5,4,0.5,0.23076923,0.24615383943399557,0.692307692,0.6865384537153519,0.4609083989087273,0.46379435243194594,"Max Schuemann",24488,680474
"Brandon Nimmo","TEX",35,22,93.6318192915483,107,110.5,11.318181818181818,7,0.31818182,11,0.5,0.161290322,0.32354838040567213,0.354838709,0.6918709547288956,0.2707207236971174,0.4567380564553397,"Brandon Nimmo",12927,607043
"Junior Caminero","TBR",57,40,94.84250030517578,109.3,114.1,22.625,9,0.225,23,0.575,0.333333333,0.2809019649730009,0.980392156,0.7687843108878416,0.5565210515802557,0.45230603353543714,"Junior Caminero",28163,691406
"Mitch Garver","SEA",11,5,92.9800018310547,103.4,103.4,19,1,0.2,2,0.4,0.25,0.2992499992251396,0.625,0.4866250082850456,0.4602374759587375,0.43847363645380194,"Mitch Garver",15161,641598
"Joc Pederson","TEX",37,23,95.31304334557575,106.7,108.9,14.608695652173912,5,0.2173913,16,0.69565217,0.294117647,0.3115588303874521,0.735294117,0.6685294000541463,0.45307818618980616,0.43711820808616847,"Joc Pederson",11899,592626
"Rafael Marchán","PHI",7,6,83.56666564941406,97.4,97.4,25.666666666666668,0,0,1,0.16666667,0.166666666,0.37699999287724495,0.166666666,0.5311666429042816,0.2271695477621896,0.434494001524789,"Rafael Marchan",21646,665561
"Freddie Freeman","LAD",58,43,90.78604800202126,105.2,109.6,13.930232558139535,3,0.06976744,22,0.51162791,0.4,0.3624400007724762,0.62,0.5675599986314773,0.47518332662253543,0.43416150620109156,"Freddie Freeman",5361,518692
"Kyle Tucker","LAD",45,29,88.07586117448479,103.8,106.7,23.896551724137932,2,0.06896552,9,0.31034483,0.378378378,0.3511621660074672,0.486486486,0.5197837864224976,0.4352568017111884,0.43168142057127423,"Kyle Tucker",18345,663656
"Tyrone Taylor","NYM",15,11,87.95454406738281,104,104.1,17.727272727272727,2,0.18181818,3,0.27272727,0.357142857,0.3162142868552889,0.785714285,0.6544285757201058,0.4970820109049479,0.42863055467605593,"Tyrone Taylor",13675,621438
"Joey Bart","ATL",18,11,88.48182053999467,105.3,106.4,9.090909090909092,2,0.18181818,4,0.36363636,0.214285714,0.24071428685316018,0.5,0.573785733963762,0.39356016119321185,0.42751889096366036,"Joey Bart",21524,663698
"Taylor Trammell","HOU",33,22,90.27619025820778,109.8,111.3,25.285714285714285,5,0.22727273,10,0.45454545,0.2,0.270533337071538,0.5,0.6790333269784848,0.33023786544799805,0.4230416299718799,"Taylor Trammell",19960,666211
"Bobby Witt Jr.","KCR",37,29,93.49655203983701,108.3,117.2,10.413793103448276,5,0.17241379,18,0.62068966,0.272727272,0.3347575759345835,0.484848484,0.5841515050692991,0.34560701653764053,0.423010103605889,"Bobby Witt Jr.",25764,677951
"Riley Greene","DET",49,34,94.52647130629596,109.8,111.2,23.705882352941178,7,0.20588235,19,0.55882353,0.295454545,0.3067500005391511,0.659090909,0.6889090937646952,0.40480758281464274,0.4222109748962078,"Riley Greene",25976,682985
"Drew Gilbert","SFG",22,16,87.50625038146973,98.5,105.2,19.25,0,0,5,0.3125,0.3125,0.36593750113388523,0.5625,0.5096874884911813,0.4192216595013936,0.4217460967955135,"Drew Gilbert",31545,687551
"Gary Sánchez","MIL",20,14,91.3500006539481,105.5,110.9,20.928571428571427,1,0.07142857,7,0.5,0.1875,0.2944375039078295,0.4375,0.5381249911151826,0.34958324432373045,0.42174160182476045,"Gary Sanchez",11442,596142
"Kyle Karros","COL",46,27,90.28518507215712,105.1,107.5,20.11111111111111,4,0.14814815,12,0.44444444,0.361111111,0.2852777772479587,0.777777777,0.5618333282570044,0.519832806153731,0.4201667302034118,"Kyle Karros",33252,691720
"Yordan Alvarez","HOU",54,35,96.4028566632952,108.3,118.5,27.34285714285714,7,0.2,19,0.54285714,0.288888888,0.28364444341924455,0.577777777,0.6670444468657176,0.39319005199507173,0.41959391618330105,"Yordan Alvarez",19556,670541
"Nelson Velázquez","STL",20,15,97.15333251953125,107.6,107.8,17.666666666666668,1,0.06666667,11,0.73333333,0.1875,0.3255000039935112,0.4375,0.5815625051036477,0.31460350155830386,0.41796869188547137,"Nelson Velazquez",23359,676369
"MJ Melendez","NYM",11,6,97.73333231608073,102.7,102.7,19.166666666666668,1,0.16666667,4,0.66666667,0.222222222,0.2836666703224182,0.222222222,0.5498888757493761,0.2891248789700595,0.4168105558915572,"MJ Melendez",22197,669004
"Ketel Marte","ARI",53,43,93.1697682225427,107.6,116.8,12.930232558139535,8,0.18604651,20,0.46511628,0.291666666,0.3105833375205596,0.6875,0.6174583286046982,0.4326611883365191,0.4166282323690561,"Ketel Marte",13613,606466
"Heriberto Hernández","MIA",41,29,92.39999863197063,106.4,110.9,16.620689655172413,4,0.13793103,14,0.48275862,0.264705882,0.27055882268092213,0.735294117,0.6047352938091054,0.4574733763933182,0.4156937047839165,"Heriberto Hernandez",24878,681715
"Esmerlyn Valdez","PIT",49,30,89.74333292643229,106.8,112.7,13.533333333333333,8,0.26666667,14,0.46666667,0.431818181,0.294272723861716,0.84090909,0.6513409072702582,0.540980441229684,0.413690446894996,"Esmerlyn Valdez",29005,699013
"James Wood","WSN",63,33,91.2303027528705,109.8,113.6,8.93939393939394,5,0.15151515,19,0.57575758,0.235294117,0.2559215692328472,0.56862745,0.5656666609586454,0.40477753631652347,0.4114364432910132,"James Wood",29518,695578
"Tyler Stephenson","CIN",26,20,93.72222179836697,104.6,104.8,8.11111111111111,2,0.1,10,0.5,0.409090909,0.3218000020831823,0.545454545,0.5051999986171722,0.458566257586846,0.40986799200375873,"Tyler Stephenson",17988,663886
"Julio Rodríguez","SEA",37,24,92.12083307902019,109.2,110.3,5.458333333333333,1,0.04166667,13,0.54166667,0.363636363,0.3514545415387009,0.363636363,0.5104545427091194,0.36530511282585765,0.4065585877444293,"Julio Rodriguez",23697,677594
"Javier Sanoja","MIA",39,35,91.60294229844037,103.4,108.4,9.794117647058824,1,0.02857143,18,0.51428571,0.444444444,0.3919999996821086,0.75,0.48483334316147697,0.5226547228984344,0.405830103235367,"Javier Sanoja",28253,691594
"José Tena","WSN",29,20,90.94499969482422,105.5,109,7.9,1,0.05,10,0.5,0.346153846,0.34846153217278275,0.615384615,0.5111538497686314,0.43819552454455146,0.4039094489196251,"Jose Tena",23691,677588
"Victor Bericoto","SFG",34,26,90.58845989520734,106.4,108.7,8.73076923076923,5,0.19230769,14,0.53846154,0.393939393,0.2940606041388078,0.757575757,0.6428787816654552,0.49534762256285725,0.4003075913471334,"Victor Bericoto",26468,682674
"Josh Bell","MIN",45,33,90.40909067789714,105.9,112.6,17.575757575757574,6,0.18181818,15,0.45454545,0.238095238,0.2553809525977288,0.642857142,0.6552619133144617,0.3871877140469021,0.39980831171075504,"Josh Bell",13145,605137
"Jordan Walker","STL",45,23,94.00434676460598,109.2,112.1,4,5,0.2173913,12,0.52173913,0.314285714,0.2632571450301579,0.542857142,0.49362856575420927,0.4259264561865065,0.3996212840080261,"Jordan Walker",27475,691023
"Kevin McGonigle","DET",56,36,90.47500038146973,102.5,105.3,21.38888888888889,3,0.08333333,17,0.47222222,0.282608695,0.28754347692365234,0.369565217,0.49106522228406824,0.35939213952847887,0.39798956896577564,"Kevin McGonigle",33572,805808
"Hunter Goodman","COL",53,32,92.09687495231628,109.4,116.2,15.5,7,0.21875,15,0.46875,0.29787234,0.2712978699264374,0.723404255,0.6316170261261311,0.44071225019601673,0.3971313862846448,"Hunter Goodman",29715,696100
"Samuel Basallo","BAL",37,25,90.51600036621093,105.7,112.5,8.6,4,0.16,12,0.48,0.242424242,0.26066666615731793,0.606060606,0.6217575800238233,0.3841908673445384,0.3951214953429169,"Samuel Basallo",28824,694212
"Kerry Carpenter","DET",43,31,90.02758578596443,102.7,105.3,18.689655172413794,5,0.16129032,16,0.51612903,0.263157894,0.2854999993976794,0.526315789,0.5920526244138417,0.36170461701183787,0.3929847326220536,"Kerry Carpenter",25961,681481
"Spencer Torkelson","DET",49,25,90.84,105.6,106.7,16.36,5,0.2,12,0.48,0.214285714,0.2772142848088628,0.404761904,0.5224999955722264,0.32625136448412523,0.39244983877454487,"Spencer Torkelson",27465,679529
"Otto Lopez","MIA",52,47,86.8510644790974,103.6,106.2,11.340425531914894,5,0.10638298,16,0.34042553,0.408163265,0.3318979633705957,0.81632653,0.5729183591141993,0.5134965456449069,0.3921522284643008,"Otto Lopez",19608,672640
"Trevor Larnach","MIN",38,29,91.51724137931035,105.8,107.8,16.620689655172413,3,0.10344828,14,0.48275862,0.363636363,0.3105757606751991,0.575757575,0.49478787274071667,0.44251586888965805,0.39069185131474543,"Trevor Larnach",21501,663616
"Cam Smith","HOU",49,41,87.59487132537059,107.3,110.6,17.487179487179485,5,0.12195122,16,0.3902439,0.260869565,0.294090907682072,0.54347826,0.6169772557914257,0.3482309409550258,0.39025353053782846,"Cam Smith",35108,701358
"Gabriel Arias","CLE",28,17,94.50588181439568,108.6,109.9,13.411764705882353,2,0.11764706,10,0.58823529,0.28,0.28763999581336974,0.52,0.5802399909496307,0.36803736951616073,0.38962651458051467,"Gabriel Arias",22563,672356
"Masataka Yoshida","BOS",17,15,89.08666788736979,104.3,105.3,15.066666666666666,1,0.06666667,6,0.4,0.4375,0.3501874953508377,0.6875,0.5127500053495169,0.497367543332717,0.3894387027796577,"Masataka Yoshida",31837,807799
"Dansby Swanson","CHC",51,39,93.47179393279247,103.9,105.1,20.102564102564102,7,0.17948718,20,0.51282051,0.32,0.28634000167250634,0.88,0.6540599988400936,0.4883508518630383,0.38513725338613286,"Dansby Swanson",18314,621020
"Gavin Sheets","SDP",44,33,87.36060610684481,103.8,107.5,5.181818181818182,2,0.06060606,10,0.3030303,0.282051282,0.31707691764220214,0.487179487,0.47697436274626315,0.3720070706172423,0.38457105376503686,"Gavin Sheets",19901,657757
"Miguel Andujar","SDP",30,24,89.30416711171468,106.4,108.4,9.083333333333334,1,0.04166667,8,0.33333333,0.296296296,0.35514815355202667,0.37037037,0.43940739892423153,0.3331223348776499,0.3811403333519896,"Miguel Andujar",15878,609280
"Randal Grichuk","CHW",18,17,91.58823619169347,106.6,108.6,14.529411764705882,2,0.11764706,9,0.52941176,0.277777777,0.30599999034570324,0.555555555,0.5959444410271115,0.35245229138268364,0.3810555570655399,"Randal Grichuk",10243,545341
"Pete Alonso","BAL",47,23,92.60434822414233,107.2,111.3,17.304347826086957,2,0.08695652,12,0.52173913,0.263157894,0.25802631931085335,0.421052631,0.46226316259095546,0.3715558863700704,0.37989622029535314,"Pete Alonso",19251,624413
"Cooper Pratt","MIL",41,27,88.36818174882369,102.4,103.9,7.2727272727272725,3,0.11111111,9,0.33333333,0.117647058,0.2861250024288893,0.147058823,0.4336562470998615,0.21609779828932227,0.379847234640366,"Cooper Pratt",33530,806198
"Connor Wong","BOS",23,15,83.88666585286458,105.4,105.8,12.733333333333333,2,0.13333333,6,0.4,0.421052631,0.30278947635700826,0.578947368,0.47552629991581563,0.451102526291557,0.37940755356913025,"Connor Wong",19896,657136
"Tommy Edman","LAD",41,25,89.83478247601053,105.8,106.8,5.086956521739131,3,0.12,10,0.4,0.3125,0.2867812463082373,0.53125,0.43343749176710844,0.4212166055654868,0.37918056318393123,"Tommy Edman",19470,669242
"Bryce Harper","PHI",58,32,90.9124984741211,105.3,108.1,9.625,3,0.09375,19,0.59375,0.270833333,0.27191667010386783,0.5,0.46364582888782024,0.3804983825519167,0.37901934159213096,"Bryce Harper",11579,547180
"Jacob Gonzalez","CHW",38,31,89.01000111897787,102.3,107.8,20.933333333333334,0,0,14,0.4516129,0.382352941,0.3431176477495362,0.588235294,0.4694705896956079,0.4407298726004523,0.3789560593463279,"Jacob Gonzalez",33225,694378
"Austin Hedges","CLE",22,16,90.49333292643229,103.1,104.1,17.066666666666666,3,0.1875,7,0.4375,0.421052631,0.2990526360900779,0.789473684,0.507526305945296,0.5346704182170686,0.37870247733025325,"Austin Hedges",12976,595978
"Kody Clemens","MIN",44,30,96.24827707224878,104.5,107.3,22.862068965517242,6,0.2,19,0.63333333,0.25,0.2570000015772306,0.65,0.5607692362406315,0.38939919796856964,0.37770637107449906,"Kody Clemens",20572,665019
"Bryan Torres","STL",10,8,92.12857055664062,104.7,104.7,37.285714285714285,2,0.25,4,0.5,0.2,0.2389999975760778,0.8,0.6738888952467177,0.40848593711853026,0.3771111054552926,"Bryan Torres",21464,663494
"Griffin Conine","MIA",42,20,92.6700008392334,109.3,110.9,-4.85,1,0.05,11,0.55,0.242424242,0.2702121219851754,0.393939393,0.3950303088534962,0.3653113543987274,0.3752132874159586,"Griffin Conine",21626,665052
"Sal Frelick","MIL",35,29,86.03214291163853,98.9,101.5,19,1,0.03448276,10,0.34482759,0.3125,0.33196874856366776,0.4375,0.4548437476041727,0.3575485042163304,0.37306314491267717,"Sal Frelick",29622,686217
"Dominic Canzone","SEA",31,18,93.93888854980469,108.4,111.3,4.555555555555555,3,0.16666667,8,0.44444444,0.222222222,0.22496296520586367,0.481481481,0.550259264530959,0.3488799525845435,0.3719300627708435,"Dominic Canzone",26438,686527
"Miguel Rojas","LAD",21,19,90.47368501362048,102.7,104.9,9.947368421052632,2,0.10526316,10,0.52631579,0.444444444,0.35444444086816573,0.777777777,0.5657777637243271,0.48024685042245047,0.37092656429324833,"Miguel Rojas",7802,500743
"Romy Gonzalez","BOS",20,15,89.23999735514323,103.2,106.9,-4.333333333333333,1,0.06666667,7,0.46666667,0.3,0.3371999979019165,0.55,0.5286500096321106,0.3598883032798767,0.37055000066757204,"Romy Gonzalez",21562,663853
"Bryson Stott","PHI",56,39,87.88205151680188,104.4,106.2,12.76923076923077,3,0.07692308,14,0.35897436,0.34,0.3120400053262711,0.46,0.4532999926805496,0.38557722845247816,0.36999256696019855,"Bryson Stott",26294,681082
"Owen Caissie","MIA",32,16,94.2874984741211,106,109.2,20.875,5,0.3125,10,0.625,0.310344827,0.25965517091340035,0.655172413,0.571344818020689,0.41470338962972164,0.36671100929379463,"Owen Caissie",27496,683357
"Michael Conforto","CHC",32,23,89.85217451012653,103.4,106.4,16.52173913043478,3,0.13043478,7,0.30434783,0.344827586,0.29041379998470174,0.689655172,0.5222758517183107,0.45581594974763934,0.36661019104142345,"Michael Conforto",16376,624424
"Ben Malgeri","DET",19,12,91.09999910990398,105.3,105.3,13.333333333333334,0,0,6,0.5,0.266666666,0.31346667210261026,0.266666666,0.38433332443237306,0.29795539379119873,0.36659863434339823,"Ben Malgeri",29577,701162
"Ryan O'Hearn","PIT",57,40,89.05000076293945,102.1,105.9,18.5,3,0.075,16,0.4,0.326923076,0.31007693020197064,0.519230769,0.4671538515159717,0.39334036174573395,0.36649631669646815,"Ryan O'Hearn",16442,656811
"Jake Bauers","MIL",51,31,92.21290317658455,109,114.8,14.741935483870968,5,0.16129032,15,0.48387097,0.260869565,0.28380434765763907,0.52173913,0.527239142552666,0.3531969528572232,0.3663104305080339,"Jake Bauers",15194,641343
"Francisco Lindor","NYM",45,35,94.73714250837054,103.9,109.4,9.657142857142857,2,0.05714286,22,0.62857143,0.195121951,0.29092682898044586,0.390243902,0.48853657667229816,0.2879994034767151,0.3657481729984283,"Francisco Lindor",12916,596019
"Gabriel Moreno","ARI",48,36,86.93611102634006,104.4,107,10.083333333333334,1,0.02777778,14,0.38888889,0.333333333,0.2979230766112988,0.333333333,0.37602564157583773,0.3578011368711789,0.36482633526126546,"Gabriel Moreno",22664,672515
"Yandy Díaz","TBR",51,34,92.45588257733513,109,113,1.3235294117647058,1,0.02941176,20,0.58823529,0.255813953,0.3067907008320786,0.302325581,0.40023256179898287,0.3032122628361571,0.3644125964127335,"Yandy Diaz",16578,650490
"Alec Bohm","PHI",52,38,92.60263061523438,104.9,106.8,-1.0526315789473684,4,0.10526316,16,0.42105263,0.195652173,0.26793478170166846,0.413043478,0.48652173497754597,0.30878599331929135,0.36416192238147443,"Alec Bohm",21618,664761
"Josh Lowe","LAA",32,22,93.33636370572177,105.1,109.6,15.590909090909092,3,0.13636364,11,0.5,0.322580645,0.2735806442797184,0.580645161,0.5711612915319781,0.39526667818427086,0.3640143114607781,"Josh Lowe",19953,666139
"Pete Crow-Armstrong","CHC",61,29,82.81428582327706,104.9,111.1,21.75,2,0.06896552,11,0.37931034,0.326086956,0.244760867856119,0.565217391,0.35489130749002745,0.4568279405434926,0.3613514006137848,"Pete Crow-Armstrong",27769,691718
"Mike Yastrzemski","ATL",32,21,87.98000030517578,101.6,105.9,12.05,3,0.14285714,9,0.42857143,0.192307692,0.22534615231248048,0.307692307,0.45115383485188854,0.2844616211950779,0.36132156173698604,"Mike Yastrzemski",14854,573262
"Tristan Peters","CHW",42,34,89.4617655137006,100.5,104.5,19.41176470588235,2,0.05882353,15,0.44117647,0.325,0.33499999791383744,0.525,0.46355000585317613,0.38142629748299006,0.36116466564791544,"Tristan Peters",30063,671976
"Matt Shaw","CHC",16,8,85.32500267028809,105.3,105.3,5.75,0,0,3,0.375,0.181818181,0.22481818226250735,0.181818181,0.24209090254523538,0.33187276497483253,0.361132875084877,"Matt Shaw",33322,807713
"Mookie Betts","LAD",55,49,93.848980339206,103.9,105,20.979591836734695,5,0.10204082,25,0.51020408,0.307692307,0.30888461593825084,0.557692307,0.5073269164332976,0.38116410705778336,0.3605169687006209,"Mookie Betts",13611,605141
"Matt Olson","ATL",54,34,91.12941293155446,107.7,110.3,20.441176470588236,6,0.17647059,19,0.55882353,0.285714285,0.2508775491495522,0.612244897,0.5420612303578124,0.4028812309481063,0.3604307973159934,"Matt Olson",14344,621566
"Kyle Stowers","MIA",51,29,94.8103448275862,109,110.1,18,5,0.17241379,19,0.65517241,0.347826086,0.277326089532479,0.695652173,0.4798043457710225,0.4656379117685206,0.3602181526960111,"Kyle Stowers",26151,669065
"Cole Young","SEA",44,33,88.9818184592507,105.7,108.1,5.878787878787879,2,0.06060606,11,0.33333333,0.285714285,0.3078333323023149,0.547619047,0.4964285752780381,0.3700261414051056,0.36008900266394694,"Cole Young",31680,702284
"Max Kepler","ARI",23,18,88.80000135633681,106.6,108.6,25.833333333333332,3,0.16666667,9,0.5,0.173913043,0.2485217398599438,0.347826086,0.6163043567262914,0.221038149750751,0.36008695828849857,"Max Kepler",12144,596146
"Manny Machado","SDP",56,32,90.15312385559082,103.6,107.1,20.84375,6,0.1875,14,0.4375,0.222222222,0.21075555408994356,0.555555555,0.4872888870951202,0.38738221813131263,0.35981707502570415,"Manny Machado",11493,592518
"Austin Martin","MIN",19,15,87.21999816894531,98.6,98.8,12.666666666666666,0,0,3,0.2,0.352941176,0.32870588320143085,0.411764705,0.40117646052556877,0.3743375477037932,0.35915347149497584,"Austin Martin",27462,668885
"Dalton Rushing","LAD",40,26,92.71153758122371,106.8,108.7,19.884615384615383,6,0.23076923,15,0.57692308,0.333333333,0.26149999820821296,0.583333333,0.48330555478201453,0.404964479804039,0.3567343447357416,"Dalton Rushing",31382,687221
"Kyle Schwarber","PHI",51,22,95.71363726529208,109.3,110.5,14.590909090909092,1,0.04545455,15,0.68181818,0.25,0.24995000176131726,0.325,0.3937500073108822,0.3343863931356692,0.3567172651197396,"Kyle Schwarber",16478,656941
"Tyler Tolbert","KCR",23,21,85.50000160618832,100.8,106.8,10.052631578947368,0,0,6,0.28571429,0.476190476,0.3510476180485317,0.666666666,0.429238097298713,0.5057738260789351,0.35642990402200003,"Tyler Tolbert",25779,686475
"Endy Rodríguez","PIT",37,23,92.33181728016247,103.9,106.3,17.772727272727273,3,0.13043478,12,0.52173913,0.28125,0.2667812518775463,0.5625,0.4430625047534704,0.4034052152891417,0.35638621288376887,"Endy Rodriguez",25332,682848
"Tyler Soderstrom","ATH",18,14,91.56428527832031,106.2,108.4,11,0,0,6,0.42857143,0.25,0.3310624994337559,0.25,0.38618749007582664,0.27564209037356907,0.3544953399234348,"Tyler Soderstrom",27467,691016
"A.J. Ewing","NYM",53,36,90.73333464728461,104.1,104.7,12.722222222222221,5,0.13888889,18,0.5,0.239130434,0.24034782434287277,0.456521739,0.47502175054472423,0.3499937113725914,0.35445362610637016,"A.J. Ewing",33656,805999
"Josh Jung","TEX",47,28,92.94999967302594,102,104.4,6.535714285714286,2,0.07142857,17,0.60714286,0.25,0.27012499747797847,0.45,0.41440000366419555,0.3581720552545913,0.3542987640867842,"Josh Jung",26299,673962
"Colson Montgomery","CHW",48,31,85.76774104948967,106,109.7,32.54838709677419,5,0.16129032,9,0.29032258,0.260869565,0.27680435015455535,0.52173913,0.5439999903673711,0.3468921259045601,0.35415868706842685,"Colson Montgomery",29712,695657
"Matt Vierling","DET",28,25,91.55000178019206,102.5,107.2,13.5,0,0,13,0.52,0.222222222,0.3540370360499731,0.333333333,0.4658518473583239,0.23761482150466354,0.3541481537675416,"Matt Vierling",21558,663837
"Andrew Benintendi","CHW",37,27,87.31851789686415,103.5,106.8,4.555555555555555,2,0.07407407,14,0.51851852,0.264705882,0.2991470626610167,0.411764705,0.45302942307556376,0.3244673980248941,0.35392902388766007,"Andrew Benintendi",17901,643217
"Richie Palacios","TBR",35,31,83.14482642864358,97.3,101.7,15,1,0.03225806,5,0.16129032,0.242424242,0.32787499809637666,0.333333333,0.43712500017136335,0.27645037855420795,0.35379165060379925,"Richie Palacios",24589,680700
"Blake Perkins","MIL",7,6,87.88333129882812,102.8,102.8,11.5,0,0,2,0.33333333,0.166666666,0.26433332699040574,0.333333333,0.4380000128100316,0.27997980798993793,0.3527797097340226,"Blake Perkins",19921,663368
"Lawrence Butler","ATH",42,22,93.79090881347656,104.8,109.7,6.7272727272727275,1,0.04545455,11,0.5,0.242424242,0.25148484923622827,0.303030303,0.3476969660683112,0.33715317078999113,0.3527171867234366,"Lawrence Butler",22542,671732
"Spencer Horwitz","PIT",7,4,95.37500190734863,103.8,103.8,9,0,0,3,0.75,0.166666666,0.26616667956113815,0.166666666,0.4116666490832965,0.2271695477621896,0.351065422807421,"Spencer Horwitz",26477,687462
"Shohei Ohtani","LAD",56,37,92.72702644966743,110.7,112.3,9.891891891891891,4,0.10810811,17,0.45945946,0.285714285,0.2676734729688995,0.408163265,0.4931632584455062,0.33218067992817274,0.3502234578132629,"Shohei Ohtani",19755,660271
"Justin Foscue","TEX",20,12,86.32499885559082,104.8,105.8,5.083333333333333,2,0.16666667,6,0.5,0.294117647,0.23435293554383166,0.588235294,0.44882352573468404,0.4221462905406952,0.3497686952352524,"Justin Foscue",27501,679822
"Curtis Mead","WSN",51,35,87.73636419122869,106.2,108.3,16.441176470588236,4,0.11428571,16,0.45714286,0.291666666,0.2837173883681712,0.5625,0.4816304289776346,0.38165304941289563,0.34898722567120377,"Curtis Mead",23986,678554
"Taylor Walls","TBR",45,30,89.07857131958008,102.2,102.6,13.964285714285714,2,0.06666667,12,0.4,0.256410256,0.26741025768793547,0.333333333,0.42089743472826785,0.3158334308200412,0.3488388428257571,"Taylor Walls",22458,670764
"Fernando Tatis Jr.","SDP",60,42,93.03095281691779,111.1,115.7,6.380952380952381,6,0.14285714,22,0.52380952,0.267857142,0.2750178522297314,0.517857142,0.48237500552620205,0.35819895565509796,0.3484611377120018,"Fernando Tatis Jr.",19709,665487
"Carson Benge","NYM",65,49,87.38958390553792,102.5,105.8,15.291666666666666,2,0.04081633,18,0.36734694,0.262295081,0.30558333260317644,0.409836065,0.4488833331813415,0.31477756867041956,0.348231746815145,"Carson Benge",35177,701807
"Brandon Lowe","PIT",59,38,93.60000108417712,107.8,111,15.105263157894736,7,0.18421053,16,0.42105263,0.23076923,0.2577499979390548,0.442307692,0.4583653883936887,0.2996667785159612,0.3477259687447952,"Brandon Lowe",18882,664040
"Jake McCarthy","COL",58,48,87.09782575524372,104.8,108.6,8.065217391304348,5,0.10416667,17,0.35416667,0.345454545,0.2786909065463326,0.69090909,0.4932363672689958,0.45124064540040904,0.347141551560369,"Jake McCarthy",21622,664983
"Wyatt Langford","TEX",19,15,85.60666300455729,104.2,106.5,24.666666666666668,2,0.13333333,5,0.33333333,0.388888888,0.24877778026792738,0.777777777,0.5236111018392775,0.5072574709591112,0.345857582594219,"Wyatt Langford",33333,694671
"Samad Taylor","SDP",43,23,84.76499824523925,98.1,98.3,11.55,1,0.04347826,5,0.2173913,0.305555555,0.2889722271098031,0.361111111,0.3464444461796019,0.35804772654245065,0.3448420000630756,"Samad Taylor",22274,669392
"Bo Bichette","NYM",61,42,89.58809462047759,106.3,109,10.5,3,0.07142857,18,0.42857143,0.327272727,0.2894363645802845,0.49090909,0.44269090924750676,0.3765922423268928,0.34472337804856845,"Bo Bichette",19612,666182
"Luis Arraez","SFG",46,41,86.57435920910957,98.2,104.4,17.102564102564102,1,0.02439024,11,0.26829268,0.365853658,0.3108048817006553,0.560975609,0.4580243971289658,0.40275679664178327,0.34270263801921497,"Luis Arraez",18568,650333
"Joey Meneses","ATH",15,10,90.62000122070313,104.4,106.5,13.2,0,0,6,0.6,0.09090909,0.27400001422078774,0.09090909,0.30063635259020055,0.19929176966349285,0.3414249406196177,"Joey Meneses",14366,608841
"Justin Crawford","PHI",45,36,85.51249980926514,101.3,105.1,-0.25,0,0,11,0.30555556,0.309523809,0.3433658596945972,0.357142857,0.4195609790522878,0.3027124238568683,0.3412966203121912,"Justin Crawford",31791,702222
"Corey Seager","TEX",15,5,87.77999877929688,101.5,101.5,8,1,0.2,2,0.4,0.1,0.13699999898672105,0.4,0.24379999488592147,0.36936026414235434,0.3408193270365397,"Corey Seager",13624,608369
"Francisco Alvarez","NYM",50,30,90.62666613260905,105.2,109,20.833333333333332,6,0.2,14,0.46666667,0.255319148,0.23078723759093184,0.553191489,0.524382972653876,0.3632677757740021,0.34026419907808303,"Francisco Alvarez",26121,682626
"Jackson Chourio","MIL",59,39,92.96578979492188,108,110.9,11.263157894736842,7,0.17948718,17,0.43589744,0.283018867,0.2318846142062774,0.509433962,0.46838461321133834,0.3749318203683627,0.3391163446779909,"Jackson Chourio",28806,694192
"Xavier Edwards","MIA",53,42,85.90000022329936,95.7,103.2,9.341463414634147,0,0,6,0.14285714,0.38095238,0.2829047611781529,0.428571428,0.34873809700920466,0.4016069623659242,0.33858721211271464,"Xavier Edwards",22266,669364
"Kyle Teel","CHW",42,22,85.65000083229758,104.6,108.2,15.681818181818182,4,0.18181818,11,0.5,0.243243243,0.25013513822813294,0.432432432,0.42856757221995173,0.3385108411312103,0.3383363315037319,"Kyle Teel",33549,691019
"Jacob Wilson","ATH",7,5,88.2249984741211,98.4,98.4,9.5,0,0,2,0.4,0.166666666,0.28460000157356263,0.166666666,0.31920000314712527,0.2271695477621896,0.33774300416310626,"Jacob Wilson",33266,805779
"Andy Pages","LAD",62,39,87.24871787046774,105.2,107.6,21.307692307692307,3,0.07692308,14,0.35897436,0.26,0.22784000277519226,0.38,0.37079998970031736,0.35453295609990104,0.33773025577185584,"Andy Pages",24816,681624
"Kevin Alcántara","CHC",6,4,89.77499961853027,98.9,98.9,11.5,0,0,1,0.25,0.333333333,0.355000006655852,0.333333333,0.42683332910140354,0.29686399300893146,0.33750000099341076,"Kevin Alcantara",25971,682634
"Ernie Clement","TOR",43,39,85.22820594983223,97.4,100.4,14.461538461538462,0,0,5,0.12820513,0.292682926,0.32912195673803,0.341463414,0.4069024375299128,0.298270630282025,0.33692827959393346,"Ernie Clement",20352,676391
"Jonah Heim","ATH",42,30,88.18333384195964,104.5,109.1,3.4,3,0.1,10,0.33333333,0.23076923,0.23887179753719232,0.487179487,0.49592308523372197,0.3318880313918704,0.3360327124773037,"Jonah Heim",16930,641680
"JJ Bleday","CIN",46,30,84.66071455819267,102.1,105.6,23.321428571428573,0,0,7,0.23333333,0.157894736,0.2714054063340095,0.157894736,0.3153783743697646,0.23850253742674124,0.3354333327876197,"JJ Bleday",26368,668709
"Kazuma Okamoto","TOR",49,32,87.21250057220459,106.5,111.7,15.53125,4,0.125,11,0.34375,0.244444444,0.23233333006501197,0.444444444,0.48297777846455575,0.32818796561688796,0.3353809762974175,"Kazuma Okamoto",37123,672960
"Brett Baty","NYM",51,32,89.63437557220459,107.1,111,10.15625,3,0.09375,14,0.4375,0.209302325,0.264116283766059,0.279069767,0.3941627872544666,0.27493151496438417,0.3350824751690322,"Brett Baty",26123,683146
"TJ Rumfield","COL",55,42,82.88536630025725,98.9,103.6,19.463414634146343,1,0.02380952,7,0.16666667,0.395833333,0.28142553631295547,0.520833333,0.36055319613598763,0.43758633678609676,0.3342600382036633,"TJ Rumfield",29805,681198
"John Rave","KCR",8,4,97.33333333333333,106.1,106.1,-7,1,0.25,2,0.5,0.125,0.22157142843518937,0.25,0.5798571365220206,0.1575329750776291,0.3325714277369635,"John Rave",26284,670231
"Marcelo Mayer","BOS",6,4,92.22500228881836,105.3,105.3,30.25,1,0.25,2,0.5,0.166666666,0.23400000979502997,0.333333333,0.5643333544333776,0.21004396677017212,0.33166668315728504,"Marcelo Mayer",29668,691785
"Elly De La Cruz","CIN",55,33,94.4516116726783,110.8,116.2,6.290322580645161,4,0.12121212,15,0.45454545,0.234042553,0.2534888908267021,0.319148936,0.38624444372124145,0.29482155062935567,0.33153219113372406,"Elly De La Cruz",26668,682829
"Nick Kurtz","ATH",49,23,95.51304327923319,109.9,112.9,16.217391304347824,5,0.2173913,15,0.65217391,0.177777777,0.24355555731389258,0.244444444,0.4660666693829828,0.226019448163558,0.3314251431206964,"Nick Kurtz",35110,701762
"Starling Marte","KCR",30,18,87.70555623372395,102.6,103.9,7.666666666666667,2,0.11111111,8,0.44444444,0.24,0.2671599996089935,0.24,0.392039999961853,0.2724245766798655,0.33078893423080447,"Starling Marte",9241,516782
"Derek Hill","PHI",20,11,85.4800018310547,108.5,109.8,17.6,2,0.18181818,3,0.27272727,0.333333333,0.24761111289262772,0.666666666,0.4904999964767032,0.43930642855794805,0.33044515942272384,"Derek Hill",16947,656537
"Marcell Ozuna","PIT",21,7,93.38571602957589,105.9,105.9,15.285714285714286,1,0.14285714,4,0.57142857,0.235294117,0.18523529566386165,0.411764705,0.39000001023797426,0.35774214494796025,0.32937295522008625,"Marcell Ozuna",10324,542303
"Edouard Julien","COL",32,16,91.33333333333333,101.4,103.2,0.9333333333333333,0,0,8,0.5,0.217391304,0.19217391247334686,0.304347826,0.23195651691892874,0.35902053862810135,0.3291913135908544,"Edouard Julien",27534,666397
"Joe Mack","MIA",32,25,90.0640005493164,105.4,107.5,18.76,3,0.12,11,0.44,0.266666666,0.22913333550095558,0.666666666,0.49716666638851165,0.410352386534214,0.32909112703055143,"Joe Mack",29780,691788
"Mauricio Dubón","ATL",54,44,85.58837287370548,99.9,104.8,10.372093023255815,0,0,17,0.38636364,0.319148936,0.2893404261545932,0.531914893,0.35993616948736473,0.40261908522192036,0.3286744884724887,"Mauricio Dubon",16530,643289
"Brandon Marsh","PHI",60,39,88.78461475861378,103.8,106.6,16.58974358974359,8,0.20512821,18,0.46153846,0.280701754,0.23485964915731497,0.578947368,0.49787719260182295,0.3807798067728678,0.3278562361995379,"Brandon Marsh",20202,669016
"Lars Nootbaar","STL",40,28,89.98148091634114,106.5,109.6,3.925925925925926,3,0.10714286,14,0.5,0.27027027,0.2658918951008771,0.378378378,0.4321621688636574,0.31116061210632323,0.3278093546628952,"Lars Nootbaar",21454,663457
"Jonathan Aranda","TBR",57,39,90.16153893103966,104,108,13.58974358974359,1,0.02564103,15,0.38461538,0.32,0.26075999975204467,0.44,0.379240003824234,0.37665089180594996,0.3275592651283532,"Jonathan Aranda",21837,666018
"Bryce Eldridge","SFG",49,26,95.43461403479942,107.7,110.2,17.76923076923077,3,0.11538462,15,0.57692308,0.204545454,0.22568181868303905,0.34090909,0.4500227265737273,0.2811052093700487,0.32704673737895734,"Bryce Eldridge",33390,805811
"Dillon Dingler","DET",52,40,86.64000072479249,102,105.2,22.125,3,0.075,15,0.375,0.265306122,0.28106122418325774,0.428571428,0.4351224528283489,0.30784400495199055,0.3269183084798547,"Dillon Dingler",27464,693307
"Chandler Simpson","TBR",41,35,84.79032307286417,96.3,98.2,-4.483870967741935,0,0,6,0.17142857,0.342857142,0.30467646963456096,0.428571428,0.3371470658218159,0.37421791370098406,0.3262850501035389,"Chandler Simpson",31912,802415
"Yainer Diaz","HOU",40,32,89.38749933242798,103.5,109,3.59375,4,0.125,14,0.4375,0.256410256,0.2601025642749543,0.512820512,0.48974358610128266,0.33653763979673385,0.3262323521077633,"Yainer Diaz",23003,673237
"Blaze Alexander","BAL",36,23,89.46190570649647,101.8,106.8,3.7142857142857144,1,0.04347826,12,0.52173913,0.3125,0.259300001959006,0.375,0.3822666568060716,0.34462988045480514,0.32602447359000936,"Blaze Alexander",23789,677942
"Elias Díaz","TEX",31,25,85.16799987792969,104.6,112,13.6,2,0.08,9,0.36,0.233333333,0.27306667069594065,0.5,0.4586333245038986,0.32183089563923495,0.3258212333725345,"Elias Diaz",11680,553869
"Anthony Seigler","BOS",45,34,89.64999973072725,100.7,103.1,10.5,0,0,14,0.41176471,0.358974358,0.2503333324805284,0.564102564,0.37192307871121627,0.4377079923947652,0.32525742252667744,"Anthony Seigler",23802,678011
"Sal Stewart","CIN",52,36,92.43529375861672,106.5,108.9,12.882352941176471,5,0.13888889,16,0.44444444,0.285714285,0.2524680837671808,0.571428571,0.4544893541234605,0.3821335480763362,0.3251474857330322,"Sal Stewart",31505,701398
"Keibert Ruiz","WSN",29,22,90.64545440673828,100.6,104.8,16.636363636363637,1,0.04545455,8,0.36363636,0.269230769,0.2653461522780932,0.346153846,0.3885384671963178,0.3128369676655737,0.32487496836432095,"Keibert Ruiz",19610,660688
"Hunter Feduccia","TBR",26,18,93,105.3,108.1,19.666666666666668,2,0.11111111,8,0.44444444,0.16,0.2683200012892485,0.28,0.4519999934732914,0.2051542722261869,0.32401761484260744,"Hunter Feduccia",23372,676439
"Jeremy Peña","HOU",25,15,89.06666615804036,103.7,105.8,-0.13333333333333333,0,0,6,0.4,0.363636363,0.269863638010892,0.363636363,0.35495455021207983,0.36894081592559813,0.3229349589347839,"Jeremy Pena",21636,665161
"Leo Jiménez","MIA",25,17,92.98823592242073,105,108,7.352941176470588,1,0.05882353,9,0.52941176,0.272727272,0.24168182045898653,0.5,0.3953636312349276,0.3733407115936279,0.3228549611568451,"Leo Jimenez",23782,677870
"Colt Keith","DET",34,26,89.6076918381911,102.3,103.5,10.538461538461538,1,0.03846154,12,0.46153846,0.1875,0.2684062516782433,0.40625,0.43021875829435885,0.27694378880893483,0.32270340774865713,"Colt Keith",27899,690993
"Alec Burleson","STL",42,33,91.6393945867365,105.4,108.6,7.424242424242424,3,0.09090909,16,0.48484848,0.225,0.2774500034749508,0.325,0.4271749973297119,0.2611150727385566,0.32249409882795244,"Alec Burleson",27615,676475
"Michael Massey","KCR",38,26,88.67199890136719,104.4,105.6,11.56,0,0,10,0.38461538,0.235294117,0.2816764721099068,0.294117647,0.36547059171340046,0.28059102359570953,0.3224692674059617,"Michael Massey",27684,686681
"Jonny DeLuca","TBR",30,24,81.70869478972062,101.7,104.9,22.956521739130434,0,0,6,0.25,0.28,0.26383999079465864,0.44,0.3398400017619133,0.3639321656062685,0.3222355842590332,"Jonny DeLuca",26365,676356
"Geraldo Perdomo","ARI",54,42,86.6952380225772,98.3,109.9,21.642857142857142,3,0.07142857,10,0.23809524,0.291666666,0.25560417026281357,0.479166666,0.3829583326975505,0.372395439280404,0.3214367434934334,"Geraldo Perdomo",22799,672695
"Daniel Schneemann","CLE",29,21,91.1904765537807,104,108.2,6.619047619047619,3,0.14285714,10,0.47619048,0.222222222,0.2562222269674142,0.259259259,0.4308148150642713,0.24525563470248518,0.32127296051074716,"Daniel Schneemann",25180,682177
"Drake Baldwin","ATL",52,36,87.11666615804036,101.1,103.2,10,2,0.05555556,14,0.38888889,0.155555555,0.2360888861119747,0.222222222,0.36808888506558207,0.23858403013302731,0.3209336566953705,"Drake Baldwin",31539,686948
"Jackson Holliday","BAL",28,17,80.30000035903034,95.7,105.5,8.941176470588236,1,0.05882353,2,0.11764706,0.136363636,0.21036363901062446,0.272727272,0.29722727835178375,0.28647081341062275,0.3206695781222412,"Jackson Holliday",31781,702616
"Steven Kwan","CLE",43,35,81.64687585830688,95.8,99.3,10.5625,0,0,4,0.11428571,0.315789473,0.2967368403547688,0.447368421,0.34342104823965774,0.3633311419259934,0.320591240411713,"Steven Kwan",24610,680757
"Esteury Ruiz","MIA",20,12,77.53333441416423,91.3,105.8,33.666666666666664,1,0.08333333,1,0.08333333,0.176470588,0.23064706173232374,0.235294117,0.3528235324055833,0.25855191648006437,0.31931050145067275,"Esteury Ruiz",21780,665923
"Will Wagner","SDP",11,7,74.98571286882672,92.9,92.9,4.428571428571429,0,0,0,0,0.125,0.18737499881535769,0.125,0.22624999936670065,0.2717615040865811,0.31930673122406006,"Will Wagner",29634,695238
"Konnor Griffin","PIT",39,27,90.31538567176231,110,112.7,8.038461538461538,2,0.07407407,12,0.44444444,0.305555555,0.25816666500435936,0.416666666,0.40808333704868954,0.34481056072773075,0.31613358549582654,"Konnor Griffin",35376,804606
"Bryan Reynolds","PIT",62,36,87.66111098395453,105.8,109.8,9.555555555555555,3,0.08333333,16,0.44444444,0.259259259,0.23035184735501255,0.425925925,0.3778148183116206,0.3464151197864163,0.3159623275841436,"Bryan Reynolds",19326,668804
"Zack Gelof","ATH",9,8,79.2249984741211,102.3,102.3,5,0,0,3,0.375,0.25,0.259875004645437,0.375,0.34649998042732477,0.32013962666193646,0.31569932773709297,"Zack Gelof",29766,680869
"Dylan Crews","WSN",56,36,90.36856994628906,107,112.3,7.914285714285715,2,0.05555556,16,0.44444444,0.265306122,0.23775000078603625,0.346938775,0.3647083390193681,0.32191384370837894,0.31552803868597207,"Dylan Crews",33541,686611
"Joshua Kuroda-Grauer","ATH",23,20,90.56500091552735,103.9,104.5,15.15,0,0,7,0.35,0.409090909,0.31009090624072333,0.5,0.37549999220804736,0.4123944484669229,0.31544756630192633,"Joshua Kuroda-Grauer",35121,811965
"Tyler Freeman","COL",40,28,88.21599899291992,101.7,110.2,10.8,0,0,8,0.28571429,0.242424242,0.24818181991577148,0.272727272,0.33790909295732324,0.2917052617198543,0.3153631079353784,"Tyler Freeman",22532,671289
"Cole Carrigg","COL",44,32,88.61000061035156,103.5,109.9,14.3,2,0.0625,10,0.3125,0.378378378,0.2654864868602237,0.675675675,0.3998108111523293,0.43261279616245,0.3148924167766127,"Cole Carrigg",33253,694249
"JJ Wetherholt","STL",55,42,90.1224983215332,101.1,102.9,13.925,3,0.07142857,21,0.5,0.235294117,0.2586199986934662,0.31372549,0.40361999690532685,0.2734145218675787,0.31429014492917945,"JJ Wetherholt",34985,802139
"Luis Urías","TOR",22,16,84.81249856948853,101.7,105.1,11.1875,1,0.0625,4,0.25,0.315789473,0.24210526049137115,0.526315789,0.3427894805607043,0.4074475440112027,0.3141988167031245,"Luis Urias",16622,649966
"Braden Montgomery","CHW",52,35,90.24999955121208,105.1,107.1,3.3529411764705883,1,0.02857143,17,0.48571429,0.204545454,0.2391136329282414,0.34090909,0.3537045500495217,0.2917950955721048,0.3139462700256935,"Braden Montgomery",35423,695731
"Victor Caratini","MIN",38,26,91.87307563194862,102.9,107,20.307692307692307,4,0.15384615,12,0.46153846,0.25,0.2096562497317791,0.46875,0.44165625190362334,0.3412775268425813,0.31374778618683685,"Victor Caratini",14968,605170
"Josh Smith","TEX",12,11,87.31818181818181,102.2,104.1,11.363636363636363,2,0.18181818,3,0.27272727,0.333333333,0.222250002125899,0.75,0.5270000050465266,0.4513818422953288,0.3135833318034808,"Josh Smith",26396,669701
"Andrew Vaughn","MIL",31,22,90.36818174882369,100.4,106.1,9.727272727272727,1,0.04545455,8,0.36363636,0.24,0.20604000091552735,0.44,0.29171999990940095,0.34364251936635665,0.3130093594231913,"Andrew Vaughn",26197,683734
"Kahlil Watson","CLE",46,33,89.38750004768372,103.5,104.7,15.0625,4,0.12121212,11,0.33333333,0.295454545,0.24177273015745662,0.431818181,0.45488635628399526,0.3312551871589992,0.31245469269545184,"Kahlil Watson",29905,696135
"Isaac Collins","KCR",30,22,91.83636231855913,107.9,110.4,9.181818181818182,1,0.04545455,12,0.54545455,0.321428571,0.2628928565287164,0.571428571,0.3961785715073347,0.4025282839934031,0.3121250598380963,"Isaac Collins",25477,686555
"Jose Trevino","CIN",19,17,93.29411899342256,102.7,103.3,10.294117647058824,1,0.05882353,8,0.47058824,0.526315789,0.30152631668668045,0.789473684,0.42652631198105057,0.5682684810538041,0.31210526588716003,"Jose Trevino",16725,624431
"Nick Gonzales","PIT",55,37,85.47777726915147,101.2,104,-3.0555555555555554,0,0,14,0.37837838,0.425531914,0.24939130230442338,0.531914893,0.30695651989916095,0.4605561050501737,0.31162036831180256,"Nick Gonzales",27490,693304
"Ryan McMahon","NYY",10,3,90.70000457763672,102.4,102.4,9,0,0,2,0.66666667,0.125,0.22562499716877937,0.25,0.2646249942481518,0.2659453511238098,0.31039159297943114,"Ryan McMahon",15112,641857
"Wilyer Abreu","BOS",54,32,90.0968747138977,105.6,107.3,19.875,4,0.125,10,0.3125,0.181818181,0.22018182108348067,0.386363636,0.3828181726011363,0.28901573846924977,0.31030577828861633,"Wilyer Abreu",23772,677800
"Nolan Schanuel","LAA",43,34,85.33823619169347,98.4,103.6,12.411764705882353,0,0,12,0.35294118,0.23076923,0.28005128181897676,0.333333333,0.3423589681967711,0.2868655060612878,0.31029841511748557,"Nolan Schanuel",33189,694384
"Luke Maile","KCR",5,4,84.92500305175781,98.6,98.6,25,1,0.25,1,0.25,0.25,0.1264999955892563,1,0.3894999921321869,0.5484049081802368,0.31029160022735597,"Luke Maile",13355,571912
"José Fermín","STL",38,31,84.70666834513347,99.6,102.4,16.333333333333332,1,0.03225806,8,0.25806452,0.294117647,0.2627352945068303,0.5,0.38000000772230763,0.36851971213882034,0.31022632721106747,"Jose Fermin",21746,665877
"Michael Harris II","ATL",55,40,90.51500015258789,108.3,108.8,5.8,2,0.05,18,0.45,0.31372549,0.27882352938839033,0.490196078,0.40131373382082175,0.35928994742306797,0.31022498445077373,"Michael Harris II",25931,671739
"Jared Triolo","PIT",39,27,88.10000158239293,103.6,106.5,1.5185185185185186,2,0.07407407,11,0.40740741,0.257142857,0.23948571256228857,0.457142857,0.3771714329719543,0.34551380077997845,0.3101453368480389,"Jared Triolo",25807,669707
"Troy Johnston","COL",38,28,91.3703709355107,104.9,106.6,17.296296296296298,0,0,9,0.32142857,0.322580645,0.2428333335245649,0.387096774,0.2908333313961824,0.3650957518502286,0.3099076784140355,"Troy Johnston",26143,687859
"Luisangel Acuña","CHW",11,8,91.9166653951009,105.3,105.3,2,0,0,3,0.375,0.3,0.31059999838471414,0.3,0.40210000425577164,0.26717759370803834,0.3091999925673008,"Luisangel Acuna",26548,682668
"Randy Arozarena","SEA",50,31,88.41935656147618,105.2,108.3,7.387096774193548,3,0.09677419,13,0.41935484,0.255813953,0.202906972447107,0.465116279,0.3709302416374517,0.36397569298744203,0.30889427721500395,"Randy Arozarena",19290,668227
"Wade Meckler","LAA",30,19,87.90526139108758,101.4,101.6,6.578947368421052,1,0.05263158,9,0.47368421,0.296296296,0.26659258855161844,0.333333333,0.34466666838637106,0.31977307399113974,0.30834580237666764,"Wade Meckler",31490,685133
"Sam Antonacci","CHW",48,38,87.01315789473684,102.6,106.1,15.5,1,0.02631579,15,0.39473684,0.25,0.25381818413734436,0.363636363,0.3807045532898469,0.3024349696934223,0.3077222462743521,"Sam Antonacci",35101,803011
"Amed Rosario","NYY",27,18,92.38333384195964,109.3,110.9,15.444444444444445,2,0.11111111,9,0.5,0.24,0.2648800039291382,0.48,0.37791999340057375,0.33505248140405725,0.3076265200420662,"Amed Rosario",15518,642708
"Luis Torrens","NYM",24,15,88.0066660563151,102.3,105.2,5.066666666666666,1,0.06666667,5,0.33333333,0.2,0.21410000072792174,0.4,0.31984999710693957,0.32842736939589184,0.3075346718542278,"Luis Torrens",15905,620443
"Nick Loftin","KCR",41,33,87.04374957084656,97.2,104.6,11.59375,1,0.03030303,7,0.21212121,0.216216216,0.2455945961378716,0.297297297,0.36651351443819097,0.27087216987842466,0.306894344164104,"Nick Loftin",27630,679845
"William Contreras","MIL",50,35,90.18571472167969,105.9,109.3,3.6857142857142855,2,0.05714286,13,0.37142857,0.266666666,0.24293332755720864,0.4,0.38979999931891346,0.3234851141365207,0.30582661516204174,"William Contreras",20503,661388
"Henry Bolte","ATH",52,36,85.52571487426758,108,113.6,-0.6857142857142857,3,0.08333333,14,0.38888889,0.234042553,0.25095745033406197,0.255319148,0.38036170475026393,0.25481115719851327,0.3055817221893984,"Henry Bolte",31448,703607
"Ty France","SDP",45,29,91.33103364089439,103.7,107.7,24.413793103448278,2,0.06896552,12,0.4137931,0.289473684,0.1997105260011985,0.5,0.35642106226939513,0.3813405328326755,0.3041353777361413,"Ty France",17982,664034
"Raynel Delgado","HOU",19,14,87.12307680570163,99.1,102.1,13.23076923076923,1,0.07142857,6,0.42857143,0.25,0.23050000402145088,0.5,0.36625000718049705,0.3601703974935744,0.30377311031851506,"Raynel Delgado",22272,669384
"Nathan Lukes","TOR",49,39,87.90263145848324,101.1,104.6,10.236842105263158,1,0.02564103,12,0.30769231,0.222222222,0.2705333350433244,0.355555555,0.3748444393277168,0.27725791186094284,0.3036744600782792,"Nathan Lukes",18123,664770
"Mickey Moniak","COL",43,28,91.72143091474261,105.1,106.7,12.464285714285714,4,0.14285714,14,0.5,0.25,0.21855000394862145,0.575,0.4286249980563298,0.3698125024174535,0.30349707020836514,"Mickey Moniak",19956,666160
"Colton Cowser","BAL",28,12,93.46666717529297,101.7,107.7,25.25,1,0.08333333,8,0.66666667,0.166666666,0.2149999967465798,0.166666666,0.33945833550145227,0.2271695477621896,0.30342257102685316,"Colton Cowser",29591,681297
"Vladimir Guerrero Jr.","TOR",51,34,91.15294041353114,111.1,115.7,7.647058823529412,3,0.08823529,16,0.47058824,0.152173913,0.252695650510166,0.195652173,0.3514347798798395,0.205322779861151,0.30339784430814726,"Vladimir Guerrero Jr.",19611,665489
"Jase Bowen","SDP",8,5,80.22500038146973,101.7,101.7,16.5,1,0.2,1,0.2,0.142857142,0.20799999684095383,0.285714285,0.3486666642129421,0.24498233199119568,0.30335114151239395,"Jase Bowen",26047,687749
"Zach Neto","LAA",43,30,87.5433334350586,103,108.7,18.8,4,0.13333333,14,0.46666667,0.268292682,0.21124390076573302,0.487804878,0.4640975609058287,0.3397300548331682,0.3027654900107273,"Zach Neto",31347,687263
"Sung-Mun Song","SDP",25,19,86.77777693006728,107.7,109.3,17.38888888888889,2,0.10526316,5,0.26315789,0.285714285,0.19704762178783616,0.476190476,0.3337619058743474,0.3865376329421997,0.30207327714189885,"Sung-Mun Song",37122,823550
"Jarren Duran","BOS",39,23,87.13809494745163,102.5,109.7,8.904761904761905,2,0.08695652,6,0.26086957,0.15625,0.2221562536433339,0.25,0.3651875061914325,0.2219469217877639,0.3013596840594944,"Jarren Duran",24617,680776
"Josh Naylor","SEA",51,42,85.02142878941127,101.9,105.9,12,1,0.02380952,11,0.26190476,0.255319148,0.26027659580428547,0.29787234,0.3602127653170139,0.27952221211265116,0.3007974089945064,"Josh Naylor",18839,647304
"Trea Turner","PHI",61,45,88.93777804904514,104,107.6,12.844444444444445,6,0.13333333,20,0.44444444,0.333333333,0.2598333319028219,0.55,0.4269166670739651,0.38435466953965486,0.30069603563332165,"Trea Turner",16252,607208
"David Fry","CLE",20,15,85.52142933436802,99.6,102.9,15.5,2,0.13333333,6,0.4,0.166666666,0.18783333574214744,0.5,0.42011110823498005,0.31873205304145813,0.30059579890221355,"David Fry",24934,681807
"Michael Busch","CHC",61,33,87.50303164395419,101.9,108.2,18,3,0.09090909,11,0.33333333,0.16,0.1584000027179718,0.36,0.34219998627901077,0.30717839667054475,0.30012370523859244,"Michael Busch",26319,683737
"Carson Kelly","CHC",32,22,88.73636419122869,102,105.4,4,0,0,8,0.36363636,0.28,0.18711999773979188,0.4,0.2482399982213974,0.38251010328531265,0.29988143604714423,"Carson Kelly",13620,608348
"Carter Jensen","KCR",47,30,90.09000040690104,106.2,108.5,20.466666666666665,4,0.13333333,11,0.36666667,0.266666666,0.2107777783440219,0.488888888,0.4653333185447587,0.33854209362192356,0.2997428906407762,"Carter Jensen",29478,695600
"Joey Loperfido","HOU",23,13,87.15454517711292,104.6,104.8,10.727272727272727,2,0.15384615,5,0.38461538,0.157894736,0.20184210459946803,0.421052631,0.4056841986940095,0.28215142091115314,0.2982340884128852,"Joey Loperfido",29630,694388
"Willi Castro","COL",43,27,85.08888922797308,108.1,110.5,23.22222222222222,3,0.11111111,8,0.2962963,0.225,0.24167499875184148,0.3,0.3803499929141253,0.2627152578775273,0.29684209301634584,"Willi Castro",17338,650489
"Chase Meidroth","CHW",51,33,87.42727291222775,100.6,104.9,4.757575757575758,1,0.03030303,8,0.24242424,0.25,0.24000000005418604,0.34090909,0.2963409139351411,0.31794480950224635,0.29680796113668706,"Chase Meidroth",31580,805367
"Jake Burger","TEX",42,29,89.73793135018184,106.7,108.1,16.24137931034483,3,0.10344828,14,0.48275862,0.210526315,0.20497368432973562,0.368421052,0.397605267010237,0.2911140634900048,0.2967817091516086,"Jake Burger",22275,669394
"Byron Buxton","MIN",29,22,88.80454392866655,104.3,106.1,23.045454545454547,3,0.13636364,7,0.31818182,0.23076923,0.2293076870533136,0.346153846,0.39826922233288103,0.2718125191228143,0.2965431706658725,"Byron Buxton",14161,621439
"Luke Raley","SEA",30,16,91.78749942779541,105.4,109.1,17.3125,3,0.1875,9,0.5625,0.148148148,0.22348148196383757,0.222222222,0.3655185186200672,0.21437673767407736,0.2962403317292531,"Luke Raley",19354,670042
"Noelvi Marte","CIN",41,28,88.39230654789851,109.5,112.8,9.73076923076923,3,0.10714286,10,0.35714286,0.157894736,0.21774999818040264,0.315789473,0.39105554752879673,0.2377076061760507,0.29390702816920405,"Noelvi Marte",26517,682622
"Willy Adames","SFG",40,21,86.89523769560314,101,101.4,26.571428571428573,1,0.04761905,9,0.42857143,0.294117647,0.20050000388394384,0.470588235,0.3177352893330595,0.38410855233669283,0.2935436993371695,"Willy Adames",15986,642715
"Andruw Monasterio","BOS",24,20,87.64000091552734,101,106,14.85,3,0.15,7,0.35,0.173913043,0.2415652207058409,0.347826086,0.40547825687605404,0.24097801248232523,0.2933940828467409,"Andruw Monasterio",19455,655316
"Alex Bregman","CHC",56,38,86.43947280080695,100.9,103.4,23.842105263157894,1,0.02631579,13,0.34210526,0.177777777,0.19717777636316086,0.311111111,0.2793777777089013,0.2930775636008808,0.2933109982737473,"Alex Bregman",17678,608324
"Casey Schmitt","SFG",51,39,91.76666729266827,104.8,110.7,24.974358974358974,3,0.07692308,19,0.48717949,0.183673469,0.24767346771395937,0.265306122,0.39471428491631333,0.2013183960727617,0.29324105352747676,"Casey Schmitt",27577,669477
"Ian Happ","CHC",50,26,86.91600067138671,106.1,106.8,14.04,3,0.11538462,7,0.26923077,0.159090909,0.20165116166652636,0.272727272,0.3483720900014389,0.24769012689590453,0.2932126570721062,"Ian Happ",17919,664023
"Luke Keaschall","MIN",35,23,83.99545426802202,98.4,107.3,22.09090909090909,0,0,5,0.2173913,0.25,0.18075000108884914,0.5,0.2565714331077678,0.3970592311450413,0.29262040300028663,"Luke Keaschall",33321,807712
"Shea Langeliers","ATH",42,24,90.94999885559082,101.7,104.3,18.541666666666668,3,0.125,10,0.41666667,0.210526315,0.2157105269694799,0.289473684,0.40250000377234657,0.2530575147489222,0.29259448371282437,"Shea Langeliers",25816,669127
"LuJames Groover","ARI",14,7,81.38571602957589,101.9,101.9,15.571428571428571,2,0.28571429,2,0.28571429,0.181818181,0.1389999958601865,0.545454545,0.29772725430401886,0.3858198608670916,0.2923838666507176,"LuJames Groover",33552,694410
"Joey Ortiz","MIL",30,22,88.12380945114862,104.9,108.8,4.142857142857143,1,0.04545455,6,0.27272727,0.24137931,0.2695862060605452,0.344827586,0.41255171937418395,0.254689019301842,0.2923448194974455,"Joey Ortiz",25493,687401
"Edwin Arroyo","CIN",33,25,83.85999946594238,97.3,101,28.25,0,0,4,0.16,0.258064516,0.2934285706640886,0.29032258,0.3384642905356096,0.2570252660661936,0.2921135858793197,"Edwin Arroyo",29957,695490
"Jorbit Vivas","WSN",33,26,82.23076952420749,103.5,105.8,-3.5,2,0.07692308,9,0.34615385,0.233333333,0.22066666446626187,0.433333333,0.36560000429550804,0.32232132824984466,0.2912234577039878,"Jorbit Vivas",23917,678391
"Spencer Steer","CIN",36,26,91.21304420802905,102.6,103.6,15.869565217391305,2,0.07692308,11,0.42307692,0.25,0.2088666663505137,0.4375,0.38003332711135346,0.32934845175061905,0.29095072629438207,"Spencer Steer",26323,668715
"Jo Adell","LAA",39,31,87.42758573334793,107.7,108.7,6.827586206896552,1,0.03225806,11,0.35483871,0.222222222,0.2298529450507725,0.388888888,0.3607647107804523,0.2951030364403358,0.2901634090655559,"Jo Adell",20220,666176
"Drew Cavanaugh","SFG",22,16,86.65333404541016,100.4,106,23.8,1,0.0625,4,0.25,0.2,0.25165000063716436,0.2,0.37409998615621587,0.20295060816265287,0.29002181476070765,"Drew Cavanaugh",33380,701852
"Jake Meyers","HOU",15,12,84.69166628519694,102.3,102.8,8.25,0,0,4,0.33333333,0.214285714,0.26742856656866415,0.285714285,0.3296428533004863,0.2494028409322103,0.28969720819344125,"Jake Meyers",20308,676694
"Christian Yelich","MIL",47,25,91.42499860127766,103.8,108.6,8.25,3,0.12,13,0.52,0.128205128,0.17589743850895992,0.23076923,0.3563076878587405,0.22672987911436293,0.28919075065188937,"Christian Yelich",11477,592885
"Blaze Jordan","STL",32,26,85.95384685809796,102.1,105.1,14.923076923076923,1,0.03846154,10,0.38461538,0.185185185,0.24751852287186515,0.222222222,0.38829630502948054,0.19443191960453987,0.2887161262333393,"Blaze Jordan",28199,691458
"Lane Thomas","KCR",46,29,90.85172376961543,107.1,107.4,12.379310344827585,1,0.03448276,12,0.4137931,0.186046511,0.2559302327937858,0.348837209,0.34725581109523773,0.25769663893658185,0.2887037843465805,"Lane Thomas",16939,657041
"Chase DeLauter","CLE",36,30,93.25999857584635,107.5,110.7,4.5,1,0.03333333,17,0.56666667,0.333333333,0.26536110871367985,0.5,0.40913889019025695,0.35966546999083626,0.28866666969325805,"Chase DeLauter",32127,800050
"Brooks Lee","MIN",47,34,91.60882276647231,102.9,103.9,23.88235294117647,0,0,13,0.38235294,0.325581395,0.25183720990668895,0.511627906,0.3314186022725216,0.38956779114743495,0.2885708942058239,"Brooks Lee",31595,686797
"Jorge Soler","LAA",41,23,91.0913029546323,105.9,112.6,18.608695652173914,1,0.04347826,9,0.39130435,0.181818181,0.1810000024905259,0.272727272,0.2728484802117402,0.2778671601923501,0.2884440494746697,"Jorge Soler",14221,624585
"Eugenio Suárez","CIN",45,24,88.96086933301842,103.6,111.1,23.956521739130434,2,0.08333333,8,0.33333333,0.216216216,0.1828611057329302,0.378378378,0.2701944428263232,0.33431021902296276,0.28743945400823245,"Eugenio Suarez",12552,553993
"J.T. Realmuto","PHI",41,26,90.42307662963867,103.6,108.8,17.576923076923077,2,0.07692308,10,0.38461538,0.2,0.20759999632303203,0.371428571,0.33931428835328137,0.29401422709953495,0.28734053344261357,"J.T. Realmuto",11739,592663
"Ezequiel Duran","TEX",47,40,85.86999969482422,103.4,109,14.65,2,0.05,14,0.35,0.288888888,0.2679333329200745,0.355555555,0.384155559208658,0.2857261338132493,0.28720123019624266,"Ezequiel Duran",23733,677649
"Jakob Marsee","MIA",48,32,87.04062557220459,103.6,106.2,21.1875,1,0.03125,9,0.28125,0.125,0.18135000132024287,0.225,0.2948499992489815,0.24235083907842636,0.2869861653695504,"Jakob Marsee",31370,805300
"Max Muncy","ATH",35,17,87.36470525404987,105.5,106.7,15.529411764705882,1,0.05882353,6,0.35294118,0.266666666,0.19496666391690573,0.4,0.3132333407799403,0.34697770391191757,0.2867511434214456,"Max Muncy",29779,691777
"Yohendrick Piñango","TOR",24,16,89.17500066757202,105.6,109,17.4375,1,0.0625,7,0.4375,0.173913043,0.23404347961363586,0.304347826,0.3947391302689262,0.22557501991589865,0.28601908435424167,"Yohendrick Pinango",26664,682818
"Nate Eaton","BOS",24,14,85.27857317243304,103.2,107.7,16.857142857142858,1,0.07142857,3,0.21428571,0.15,0.17375000044703484,0.25,0.30145000070333483,0.26129629214604694,0.2849793303757906,"Nate Eaton",25055,681987
"Masyn Winn","STL",42,33,87.46666694409919,103.8,106.9,14.727272727272727,1,0.03030303,11,0.33333333,0.307692307,0.2457435897145516,0.384615384,0.3406923036926832,0.3318506195431664,0.28481843251557576,"Masyn Winn",27479,691026
"Zach McKinstry","DET",50,41,83.88536555592607,98,104.8,13.585365853658537,0,0,8,0.19512195,0.25,0.2718541693563263,0.354166666,0.3434374965727329,0.27954949617385866,0.284078323841095,"Zach McKinstry",19392,656716
"Isaac Paredes","HOU",58,47,85.78723436720828,101.1,103.3,23,2,0.04255319,12,0.25531915,0.269230769,0.22890384638538727,0.423076923,0.34309614979876923,0.32880850084896746,0.2839476205408573,"Isaac Paredes",20036,670623
"Daylen Lile","WSN",46,38,88.98157732110275,105.7,107.9,21.44736842105263,3,0.07894737,13,0.34210526,0.282608695,0.2573695690953173,0.5,0.4041086948329947,0.333914313627326,0.28308695360370306,"Daylen Lile",29995,695734
"Tsung-Che Cheng","BOS",21,15,84.66428647722516,101.5,102.4,11.357142857142858,1,0.06666667,3,0.2,0.210526315,0.22557894826719635,0.263157894,0.4162631560313074,0.22055402823856898,0.28225991342748913,"Tsung-Che Cheng",28344,691907
"Brice Turang","MIL",60,46,89.33555467393663,103.8,108.5,6.177777777777778,1,0.02173913,15,0.32608696,0.293103448,0.26089654965647335,0.448275862,0.3786206877437131,0.32495864367080946,0.28212641179561615,"Brice Turang",22186,668930
"Kyle Manzardo","CLE",42,25,89.42400085449219,99.6,101.7,21.36,1,0.04,8,0.32,0.166666666,0.20066666913529238,0.25,0.2934999977134996,0.2545942550613767,0.2812797160198291,"Kyle Manzardo",29794,700932
"Andrés Giménez","TOR",34,25,87.05000062422319,103.3,106.4,20.272727272727273,0,0,7,0.28,0.233333333,0.23703333670273424,0.333333333,0.31366666468481225,0.2861195116332083,0.28052648348790227,"Andres Gimenez",19950,665926
"Cedric Mullins","TBR",44,31,90.09000091552734,101.3,110.4,28.3,2,0.06451613,9,0.29032258,0.275,0.21014999931212514,0.575,0.3899750098586082,0.37506016276099463,0.2803039586340839,"Cedric Mullins",17929,656775
"Ryan Vilade","TBR",16,10,84.58999786376953,103.1,111.3,15.7,1,0.1,4,0.4,0.071428571,0.16507142755602086,0.285714285,0.3504285822356386,0.21702658757567406,0.27979699766729027,"Ryan Vilade",22165,668723
"Xander Bogaerts","SDP",45,32,88.92500042915344,104.4,110.4,-4.21875,1,0.03125,16,0.5,0.25,0.2474500011652708,0.325,0.3021000027656555,0.2912116971882907,0.27967800199985504,"Xander Bogaerts",12161,593428
"Andrés Chaparro","WSN",19,9,93.6000001695421,106.1,106.1,20.77777777777778,2,0.22222222,6,0.66666667,0.117647058,0.16876470341401942,0.294117647,0.3705882289830376,0.2296324936967147,0.2790922114723607,"Andres Chaparro",21797,665953
"Teoscar Hernández","LAD",31,18,92.81110975477431,105.9,106.6,21.88888888888889,1,0.05555556,9,0.5,0.148148148,0.18944444804003946,0.259259259,0.372444448026794,0.2197738770515688,0.2770443219811686,"Teoscar Hernandez",13066,606192
"Jac Caglianone","KCR",47,31,93.71290268436555,110,113,5.387096774193548,3,0.09677419,18,0.58064516,0.2,0.2333333349890179,0.377777777,0.404199997915162,0.2493824375436661,0.27700974110593185,"Jac Caglianone",35041,695506
"Nicky Lopez","TEX",40,33,85.82812356948853,96.5,103.3,-0.30303030303030304,0,0,6,0.18181818,0.342105263,0.26910810414198283,0.368421052,0.30664864685889837,0.3344340816140175,0.27512184702433073,"Nicky Lopez",19339,670032
"Gunnar Henderson","BAL",51,40,88.30250091552735,103,108.5,15.475,0,0,13,0.325,0.177777777,0.2249777807129754,0.222222222,0.2980000032318963,0.22338940699895224,0.2732965899448769,"Gunnar Henderson",26289,683002
"Denzer Guzman","LAA",38,25,84.64399993896484,101.7,102.7,9,1,0.04,5,0.2,0.25,0.25691666412684655,0.277777777,0.31630556078420746,0.2574786669329593,0.2731819956710464,"Denzer Guzman",28816,694203
"Luis Campusano","SDP",7,3,93.23333231608073,97.4,97.4,7,0,0,2,0.66666667,0.2,0.11060000509023667,0.2,0.12659999281167983,0.32711166994912283,0.2728451405252729,"Luis Campusano",22217,669134
"Victor Robles","SEA",27,18,89.34117844525505,95.6,98,24.58823529411765,0,0,2,0.11111111,0.25,0.2206666722583274,0.25,0.28270834187666577,0.27678305352175675,0.2727114823129442,"Victor Robles",18363,645302
"Jasson Domínguez","NYY",51,34,90.71470574771656,105.5,107.9,22.705882352941178,3,0.08823529,15,0.44117647,0.1875,0.21858333485821882,0.375,0.3567499997249494,0.2652314363741407,0.27232105898506503,"Jasson Dominguez",28080,691176
"Mark Vientos","NYM",30,16,89.67500162124634,104.1,108.4,26.1875,2,0.125,6,0.375,0.115384615,0.1406538452093418,0.346153846,0.353653838714728,0.25912769238154093,0.2716277355949084,"Mark Vientos",22184,668901
"Royce Lewis","MIN",48,32,90.31562519073486,107,109.4,18.84375,2,0.0625,13,0.40625,0.266666666,0.2293111115694046,0.422222222,0.3369333319779899,0.3211752772331238,0.2714869622141123,"Royce Lewis",20437,668904
"Ben Williamson","TBR",21,14,82.92142650059291,100.9,102.1,22.857142857142858,0,0,3,0.21428571,0.222222222,0.20361111209624344,0.388888888,0.264111109284891,0.3244281042189825,0.2713987667645727,"Ben Williamson",33197,810938
"Alejandro Osuna","TEX",45,40,85.81794895269933,100.8,106.6,10.923076923076923,0,0,9,0.225,0.25,0.2709069768356722,0.25,0.3267906983924467,0.2332468138800727,0.27094222148033703,"Alejandro Osuna",27915,696030
"Eric Wagaman","NYM",16,13,85.03077052189754,100.9,104.4,6.461538461538462,1,0.07692308,2,0.15384615,0.2,0.21546666199962297,0.4,0.35106666597227254,0.2827005311846733,0.27052862488199025,"Eric Wagaman",23395,676572
"Jarred Kelenic","TEX",6,2,79.4000015258789,92,92,-2.5,0,0,0,0,0,0.06149999797344208,0,0.06549999862909317,0.23319828510284424,0.27031933267911273,"Jarred Kelenic",22558,672284
"Hao-Yu  Lee","DET",35,22,86.41818237304688,104.5,106.9,14.318181818181818,1,0.04545455,11,0.5,0.3125,0.2105937539599836,0.53125,0.32468751119449735,0.3908014740262713,0.270182117074728,"Hao-Yu  Lee",30080,701678
"Alex Jackson","MIN",9,7,82.46666463216145,105.7,105.7,-16.5,1,0.14285714,2,0.28571429,0.222222222,0.19988888502120972,0.555555555,0.4398888945579529,0.32589129606882733,0.2693333526452382,"Alex Jackson",17276,656577
"Donovan Walton","LAA",19,11,92.16363802823153,98.7,99.7,10.909090909090908,0,0,5,0.45454545,0.235294117,0.2202941209954374,0.352941176,0.28935294554514046,0.3000474352585642,0.26931136179911463,"Donovan Walton",19314,622268
"Jeff McNeil","ATH",36,35,88.52571454729353,99.8,104.6,19.771428571428572,0,0,14,0.4,0.176470588,0.25185294054886875,0.205882352,0.3599705880179125,0.1789895710017946,0.26920261192652917,"Jeff McNeil",15362,643446
"Cal Raleigh","SEA",49,25,91.26800018310547,105.8,109.7,26.28,2,0.08,10,0.4,0.170731707,0.16275609734116075,0.341463414,0.29621951277197406,0.2817276545933315,0.2690246141686731,"Cal Raleigh",21534,663728
"Pavin Smith","ARI",28,21,85.2000013078962,105.7,107.4,15.238095238095237,0,0,7,0.33333333,0.12,0.21668000087141992,0.16,0.28535999953746793,0.18357972587857926,0.26772764325141907,"Pavin Smith",19892,656976
"Nico Hoerner","CHC",55,45,84.78222198486328,99.1,102.3,21.755555555555556,0,0,11,0.24444444,0.28,0.23894000001251697,0.4,0.305119998306036,0.31846371022137726,0.26744851144877346,"Nico Hoerner",21479,663538
"Jake Cronenworth","SDP",28,18,87.97058958165786,100.1,100.7,9.176470588235293,2,0.11111111,5,0.27777778,0.307692307,0.23465384886814997,0.423076923,0.3472307722728986,0.3324506812625461,0.26631325759269575,"Jake Cronenworth",18036,630105
"Christian Moore","LAA",9,5,95.10000610351562,107.3,107.3,5.8,1,0.2,2,0.4,0.25,0.2046249955892563,0.25,0.28687500953674316,0.27564209037356907,0.26593978537453544,"Christian Moore",34979,695681
"Evan Carter","TEX",19,12,84.16363872181286,104,104.4,-0.5454545454545454,1,0.08333333,3,0.25,0.3125,0.1721249963156879,0.5,0.32424999214708805,0.39082185096210903,0.26559732626709676,"Evan Carter",27790,694497
"Cam Cauley","TEX",16,12,82.49166615804036,95,101.7,8.333333333333334,0,0,2,0.16666667,0.142857142,0.20121428689786366,0.285714285,0.2660714238882065,0.2426718845963478,0.26524475309997797,"Cam Cauley",29710,695508
"Alex Call","LAD",15,10,86.44000015258788,94,99.7,21.6,1,0.1,1,0.1,0.272727272,0.14081818204034457,0.545454545,0.25645455006848683,0.3948265473047892,0.265024937937657,"Alex Call",19296,669743
"Gabriel Rincones Jr.","PHI",36,24,94.82499980926514,108,111.1,18.625,2,0.08333333,12,0.5,0.303030303,0.2122727305148587,0.454545454,0.35396969544165063,0.338785856962204,0.26458099691404235,"Gabriel Rincones Jr.",31958,687282
"Christian Walker","HOU",51,33,86.1848486698035,104.1,107.9,17.151515151515152,3,0.09090909,9,0.27272727,0.255319148,0.20470212685300948,0.44680851,0.3188936152356736,0.33194078534257176,0.26115035148812277,"Christian Walker",13419,572233
"Colt Emerson","SEA",44,22,87.4000000726609,104,104.3,13.380952380952381,2,0.09090909,6,0.27272727,0.2,0.18955000191926957,0.275,0.3190249986946583,0.25170347636396234,0.26113254576921463,"Colt Emerson",33575,806068
"Jake Mangum","PIT",54,37,85.46666590372722,101.7,104.1,0.2777777777777778,1,0.02702703,10,0.27027027,0.306122448,0.21038775723807665,0.346938775,0.28269387340667296,0.3269964743543554,0.2610363353181768,"Jake Mangum",26202,663968
"Liam Hicks","MIA",31,28,83.38571602957589,100.9,106.5,8.428571428571429,0,0,5,0.17857143,0.392857142,0.2521428550992693,0.392857142,0.28900000027247835,0.36115166064231624,0.2602876155607162,"Liam Hicks",29844,689414
"Jose Altuve","HOU",54,39,85.7999999217498,99.8,103.7,9.128205128205128,0,0,10,0.25641026,0.229166666,0.20333333344509205,0.375,0.27047916408628225,0.3071784951068737,0.25973607337585203,"Jose Altuve",5417,514888
"Vaughn Grissom","LAA",22,15,83.87333272298177,99.4,102.9,11.133333333333333,0,0,2,0.13333333,0.238095238,0.23747619276955015,0.238095238,0.30961904355457853,0.23420703411102295,0.25720263746651734,"Vaughn Grissom",26031,687093
"Alejandro Kirk","TOR",36,29,84.08965538287985,102.3,105.1,5.344827586206897,1,0.03448276,9,0.31034483,0.151515151,0.19845454620592523,0.242424242,0.31124242508050165,0.21398839354515076,0.25701038704978096,"Alejandro Kirk",22581,672386
"Jazz Chisholm Jr.","NYY",38,21,96.54500122070313,104.8,112.4,21.1,2,0.0952381,11,0.52380952,0.2,0.18499999589153698,0.314285714,0.32554286122322085,0.25932731440192774,0.2568256380526643,"Jazz Chisholm Jr.",20454,665862
"Seiya Suzuki","CHC",57,35,88.53142918178014,101.3,106.5,19.82857142857143,3,0.08571429,14,0.4,0.24,0.18491836764602637,0.46,0.32030612258810776,0.32245499627632007,0.2566658915186833,"Seiya Suzuki",30116,673548
"Ildemaro Vargas","ARI",26,22,87.6999998546782,101.1,109.4,9.857142857142858,0,0,9,0.40909091,0.208333333,0.23600000018874803,0.291666666,0.26624999940395355,0.2535189711130582,0.2566506123313537,"Ildemaro Vargas",13324,545121
"Ben Rice","NYY",53,35,91.08857138497488,102.8,106.2,8.285714285714286,4,0.11428571,14,0.4,0.145833333,0.18041666558322808,0.333333333,0.3353958330117166,0.24074696921385252,0.25657053327617735,"Ben Rice",29576,700250
"Caleb Durbin","BOS",47,35,81.58235325532802,104.8,107.4,10.382352941176471,1,0.02857143,8,0.22857143,0.238095238,0.18364285571234568,0.476190476,0.2938571416196369,0.34529955336388124,0.2561976586250549,"Caleb Durbin",29646,702332
"Ha-Seong Kim","ATL",13,7,87.34285627092633,99.5,99.5,35.285714285714285,1,0.14285714,2,0.28571429,0,0.14027272300286728,0,0.2739999998699535,0.10762997773977426,0.25607046026449937,"Ha-Seong Kim",27506,673490
"Lourdes Gurriel Jr.","ARI",43,34,87.4676466549144,103,106.1,21.58823529411765,1,0.02941176,11,0.32352941,0.25,0.21547499746084214,0.425,0.3037749953567982,0.31781477567761446,0.25602813654167705,"Lourdes Gurriel Jr.",19238,666971
"Junior Perez","CHW",15,8,90.33750057220459,106.1,106.1,33.625,1,0.125,3,0.375,0.133333333,0.18086666588981945,0.333333333,0.4276000067591667,0.1955347776412964,0.25580000653862955,"Junior Perez",23989,678577
"Jose Siri","LAA",13,8,85.71249961853027,108,108,8.375,1,0.125,2,0.25,0.166666666,0.1394166722893715,0.416666666,0.38516665374239284,0.27943203999445987,0.2550352318928792,"Jose Siri",17452,642350
"Brett Sullivan","COL",15,13,91.54615196814903,99.2,103.7,20.692307692307693,0,0,8,0.61538462,0.285714285,0.22321428571428573,0.357142857,0.2938571402004787,0.30877563953399656,0.2547638614972432,"Brett Sullivan",18217,664954
"Ceddanne Rafaela","BOS",55,41,83.80975565096227,98.6,103.2,14.902439024390244,0,0,7,0.17073171,0.288461538,0.2402884613436002,0.384615384,0.2848846052701657,0.31398284001783894,0.25358861847357317,"Ceddanne Rafaela",24262,678882
"Austin Riley","ATL",49,28,86.85357012067523,104.3,112.2,14.321428571428571,4,0.14285714,8,0.28571429,0.139534883,0.15625581279299547,0.209302325,0.2937906976588893,0.21885234117507935,0.2535221230010597,"Austin Riley",18360,663586
"Nasim Nuñez","WSN",41,19,89.45882460650276,101.5,105.4,2.9411764705882355,1,0.05263158,6,0.31578947,0.257142857,0.16337143353053502,0.342857142,0.2401428588799068,0.3259691377965415,0.2517011725321049,"Nasim Nunez",25979,683083
"Tyler Callihan","PIT",27,12,86.34545482288708,101.9,107,12.363636363636363,1,0.08333333,5,0.41666667,0.208333333,0.19012499817957482,0.416666666,0.32533333729952574,0.28542088137732613,0.25088577938300594,"Tyler Callihan",27497,682997
"Pedro Pagés","STL",16,11,87.25000076293945,105.7,106.1,10.9,0,0,5,0.45454545,0.2,0.2335714272090367,0.2,0.26599999730076107,0.21071067452430725,0.25043052931626636,"Pedro Pages",25782,686780
"Salvador Perez","KCR",40,28,90.50357164655414,102.8,105.7,10.357142857142858,3,0.10714286,13,0.46428571,0.23076923,0.21053846352375472,0.41025641,0.3468717865836926,0.284406341612339,0.2499573551118374,"Salvador Perez",7304,521692
"Colby Thomas","ATH",23,19,89.16315701133327,104.9,107.8,24.68421052631579,2,0.10526316,7,0.36842105,0.260869565,0.19452174105074094,0.565217391,0.39769564034498256,0.3485608308211617,0.249608694292281,"Colby Thomas",31855,687515
"Brayan Rocchio","CLE",46,34,84.4823527616613,98.4,103.2,17.705882352941178,0,0,10,0.29411765,0.279069767,0.22339534820165746,0.372093023,0.277999997658785,0.31103038787841797,0.2485516072129426,"Brayan Rocchio",23690,677587
"Taylor Ward","BAL",49,34,87.25625085830688,102.3,106.7,14.78125,3,0.08823529,11,0.32352941,0.222222222,0.20802325564761495,0.266666666,0.30997674583002577,0.23967444896697998,0.24851859503603996,"Taylor Ward",17548,621493
"Nick Fortes","TBR",22,19,86.14444351196289,102.8,104.3,9.88888888888889,1,0.05263158,5,0.26315789,0.333333333,0.19014285369554446,0.523809523,0.3389523821173325,0.38572973825714807,0.24814972457137296,"Nick Fortes",21538,663743
"Matt McLain","CIN",21,12,90.33000106811524,99,104.1,20.8,0,0,4,0.33333333,0.055555555,0.19282352858606508,0.055555555,0.2539411713095272,0.114489084482193,0.24762715007129468,"Matt McLain",29695,680574
"Nathaniel Lowe","CIN",23,10,87.88999786376954,106.1,112.6,21.1,0,0,3,0.3,0.19047619,0.21171428759892783,0.285714285,0.25509523493903025,0.24786527260490085,0.2469528732092484,"Nathaniel Lowe",19566,663993
"Alika Williams","ATH",33,20,82.25,103.8,104.8,20.05,0,0,7,0.35,0.28125,0.23725000116974115,0.4375,0.29884374886751175,0.321397091403152,0.24683206099452396,"Alika Williams",27604,675961
"Carlos Narváez","BOS",24,14,94.1999998826247,104.8,110.1,20.307692307692307,2,0.14285714,5,0.35714286,0.142857142,0.16195237991355715,0.19047619,0.3427619054203942,0.16399341821670532,0.24675191744514133,"Carlos Narvaez",19722,665966
"Kyle Higashioka","TEX",24,16,88.29333190917968,104,105.3,24.6,0,0,7,0.4375,0.15,0.147749999538064,0.15,0.2145000039599836,0.22792313992977142,0.24624300189316273,"Kyle Higashioka",5517,543309
"Tommy Troy","ARI",40,26,84.33076858520508,100.1,103.7,4.6923076923076925,1,0.03846154,9,0.34615385,0.184210526,0.20618421133411557,0.210526315,0.3127631554870229,0.20007513463497162,0.24617289938032627,"Tommy Troy",33279,694371
"Blake Dunn","CIN",11,7,92.96666971842448,105.7,105.7,12.666666666666666,0,0,2,0.28571429,0.3,0.26533332135942245,0.4,0.2975555592113071,0.276495250788602,0.24529999494552612,"Blake Dunn",29487,694362
"Spencer Jones","NYY",18,10,86.93000106811523,97.3,103,17.1,0,0,3,0.3,0.277777777,0.2597777711020576,0.388888888,0.30077778009904754,0.2884613076845805,0.2446111035015848,"Spencer Jones",31532,682987
"Victor Mesa Jr.","TBR",35,22,91.17000007629395,107.2,109.1,26.4,1,0.04545455,8,0.36363636,0.166666666,0.18673333326975505,0.3,0.2538333340237538,0.2506528241293771,0.24410948622971773,"Victor Mesa Jr.",25999,683748
"Jared Young","NYM",41,27,87.9259262084961,103.9,105.7,20.814814814814813,2,0.07407407,11,0.40740741,0.189189189,0.1574864837441694,0.351351351,0.2958648658256877,0.2779953828672083,0.2439391215377283,"Jared Young",20404,676724
"Anthony Volpe","NYY",38,25,89.79166571299235,101.9,106.5,11.166666666666666,1,0.04,5,0.2,0.171428571,0.2071142875556169,0.2,0.2601142821401092,0.2055791647810685,0.24300984097154518,"Anthony Volpe",27647,683011
"Iván Herrera","STL",49,31,86.57333297729492,105.4,111.5,17.4,0,0,10,0.32258065,0.162790697,0.18121428631379136,0.186046511,0.22561904489772305,0.22232250656400407,0.24296366733809313,"Ivan Herrera",20599,671056
"Jung Hoo Lee","SFG",50,44,83.74185979089071,99.9,102.9,6.511627906976744,1,0.02272727,8,0.18181818,0.25,0.22081250014404455,0.395833333,0.2939791642129421,0.29359702587127684,0.24217831671237947,"Jung Hoo Lee",33824,808982
"Jorge Mateo","ATL",19,10,90.73333231608073,100.7,102.3,18.333333333333332,1,0.1,5,0.5,0.117647058,0.15582352832836263,0.117647058,0.2811764658373945,0.16738808782477127,0.24083768850878665,"Jorge Mateo",17273,622761
"Henry Davis","PIT",20,15,86.57857077462333,101.4,102,19.071428571428573,1,0.06666667,7,0.46666667,0.315789473,0.18526315689086914,0.684210526,0.31652632041981343,0.43582469820976255,0.24057290330529213,"Henry Davis",29617,680779
"Leody Taveras","BAL",34,19,84.97058733771829,104.9,107.5,18.058823529411764,1,0.05263158,4,0.21052632,0.103448275,0.12203703434379012,0.206896551,0.24359258643730922,0.21534082118202658,0.23969656543340534,"Leody Taveras",18900,665750
"Nolan Arenado","ARI",43,31,84.09677345521989,103.9,105,12.741935483870968,3,0.09677419,11,0.35483871,0.243902439,0.19451219352280222,0.487804878,0.3111951205788589,0.3276156325672948,0.2396259519249894,"Nolan Arenado",9777,571448
"Dylan Beavers","BAL",16,9,85.7125015258789,107.2,107.2,34.75,1,0.11111111,2,0.22222222,0.071428571,0.1411538479419855,0.142857142,0.2547692335568942,0.16621584445238113,0.23886106808980306,"Dylan Beavers",31695,687637
"Freddy Fermin","SDP",20,14,84.31538449800931,100.4,101.4,19.23076923076923,0,0,3,0.21428571,0.1875,0.1473124991171062,0.3125,0.2013749988982454,0.2899949550628662,0.23786178564554766,"Freddy Fermin",21840,666023
"Pedro Ramírez","CHC",21,15,88.46428625924247,102.3,105.9,17.071428571428573,0,0,6,0.4,0.210526315,0.2450526366500478,0.368421052,0.31863158764807803,0.23172081112861634,0.2366499975323677,"Pedro Ramirez",29218,699393
"Nathan Church","STL",40,31,85.98064619495022,103.1,106.5,21.451612903225808,2,0.06451613,12,0.38709677,0.184210526,0.19300000348410226,0.421052631,0.3286315749589305,0.27722116708755495,0.23398610873100084,"Nathan Church",31357,701675
"Eli White","ATL",16,10,84.07777743869357,100.2,100.2,17,0,0,2,0.2,0.266666666,0.2095714243394988,0.533333333,0.24692856892943382,0.36146701872348785,0.23349720140298208,"Eli White",19346,642201
"Adley Rutschman","BAL",26,19,91.3526322214227,102,103.4,20.894736842105264,0,0,6,0.31578947,0.260869565,0.21173913400296285,0.391304347,0.2923043450421613,0.27508316131738514,0.2329406927411373,"Adley Rutschman",26288,668939
"CJ Abrams","WSN",45,27,88.18147927743418,104.3,108.1,31.555555555555557,2,0.07407407,9,0.33333333,0.195121951,0.1681951195365045,0.365853658,0.302073164865738,0.26505941417482165,0.2322268875522746,"CJ Abrams",25768,682928
"Christian Koss","SFG",5,5,87.88000183105468,107.6,107.6,7.6,0,0,1,0.2,0.2,0.24660000381991268,0.2,0.28259999845176936,0.17811839580535888,0.2318000036291778,"Christian Koss",27653,683766
"J.P. Crawford","SEA",54,34,87.71176461612477,100.8,106.6,5.029411764705882,0,0,14,0.41176471,0.18,0.20057999968528747,0.22,0.24772000044584275,0.2139453865863659,0.2317931839713344,"J.P. Crawford",15491,641487
"Matt Chapman","SFG",31,16,88.5437502861023,104.4,112.1,23.125,1,0.0625,4,0.25,0.148148148,0.15499999732882888,0.185185185,0.2114814837221746,0.21711029544953378,0.23034942606764455,"Matt Chapman",16505,656305
"Cody Bellinger","NYY",50,31,88.35483870967742,103,107.3,16.29032258064516,0,0,13,0.41935484,0.088888888,0.17242222395208145,0.133333333,0.23975555213789146,0.15599371671676635,0.23026579894125462,"Cody Bellinger",15998,641355
"TJ Friedl","CIN",21,15,86.63571194240025,100.5,102.9,24.785714285714285,1,0.06666667,5,0.33333333,0.166666666,0.1595000055515104,0.444444444,0.25755555037822986,0.2962589919567108,0.22989580035209656,"TJ Friedl",19522,670770
"Adrian Del Castillo","ARI",14,10,88.74000244140625,102.5,107.8,17.4,1,0.1,2,0.2,0.142857142,0.17049999588302203,0.357142857,0.3764285791133131,0.20950154747281755,0.22928571115647042,"Adrian Del Castillo",29554,680728
"Corbin Carroll","ARI",52,29,88.03103374612742,104.6,112,18.517241379310345,1,0.03448276,8,0.27586207,0.152173913,0.17565217436007832,0.239130434,0.23686956387499106,0.2190948677997963,0.22877039526607476,"Corbin Carroll",25878,682998
"Rhys Hoskins","CLE",27,10,86.85999908447266,97.7,99.4,31.9,0,0,4,0.4,0.19047619,0.09295238004553885,0.238095238,0.1265714294498875,0.3010966247982449,0.22862029958654334,"Rhys Hoskins",16472,656555
"Ryan Ward","LAD",5,5,81.76000213623047,106.1,106.1,31.2,1,0.2,1,0.2,0.2,0.1871999979019165,0.2,0.34079999923706056,0.17811839580535888,0.22679999470710754,"Ryan Ward",27449,669899
"Dominic Smith","ATL",33,25,85.21199981689453,103.8,107.3,2.84,0,0,10,0.4,0.225806451,0.19135483835012682,0.258064516,0.26132258123928503,0.24251531470905652,0.22599745654698575,"Dominic Smith",15653,642086
"Ezequiel Tovar","COL",45,38,84.0861119164361,98,106.1,22.583333333333332,2,0.05263158,8,0.21052632,0.2,0.19060000120662152,0.475,0.30922500165179373,0.2826396067937215,0.22493146620690824,"Ezequiel Tovar",24064,678662
"David Hamilton","MIL",28,18,91.16250038146973,98.8,104.6,4,0,0,5,0.27777778,0.291666666,0.18604166619479656,0.416666666,0.23704166213671365,0.3348223796257606,0.2235352276609494,"David Hamilton",27531,666152
"Carlos Cortes","ATH",15,11,92.1181807084517,105.7,107.5,17.09090909090909,1,0.09090909,5,0.45454545,0.333333333,0.21286667188008626,0.466666666,0.30306665698687235,0.3461535692214966,0.22233333786328632,"Carlos Cortes",21842,666126
"Drew Millas","WSN",23,12,86.66666793823242,96.5,97,20.25,0,0,2,0.16666667,0.222222222,0.12594444553057352,0.222222222,0.16650000049008262,0.27789362358010333,0.2220725222774174,"Drew Millas",25643,686452
"Trent Grisham","NYY",15,9,94.71111212836371,107.2,107.2,20.77777777777778,0,0,5,0.55555556,0.23076923,0.19115384496175325,0.538461538,0.27907691781337446,0.3261920213699341,0.2214971979459127,"Trent Grisham",18564,663757
"Max Muncy","LAD",49,37,88.76756657780828,102,106.1,23.91891891891892,1,0.02702703,11,0.2972973,0.282608695,0.17626086800642635,0.456521739,0.29610869644776633,0.3320857311288516,0.2213524148489038,"Max Muncy",13301,571970
"José Caballero","NYY",42,27,86.1519989013672,101.6,103.7,15.84,3,0.11111111,8,0.2962963,0.2,0.1719250014750287,0.425,0.3233250005869195,0.2751181416395234,0.2207916580912907,"Jose Caballero",23401,676609
"Ozzie Albies","ATL",55,42,86.42857251848493,98.5,106.3,18.714285714285715,2,0.04761905,10,0.23809524,0.224489795,0.169061222246715,0.469387755,0.29791836896721197,0.304018568109583,0.2204513696056825,"Ozzie Albies",16556,645277
"Alex Freeland","LAD",35,20,83.20000038146972,97.6,103.5,15.9,0,0,4,0.2,0.1875,0.1637187460437417,0.21875,0.24103124858811498,0.22320023604801723,0.2200106906039374,"Alex Freeland",31665,690976
"Jimmy Crooks","STL",13,5,89.41999969482421,105.6,105.6,5.6,0,0,3,0.6,0.166666666,0.17458332981914282,0.166666666,0.23566666493813196,0.19319883218178383,0.21956107593499696,"Jimmy Crooks",31354,699625
"Jackson Merrill","SDP",53,34,87.7696963223544,100.7,106.1,10.969696969696969,3,0.08823529,13,0.38235294,0.235294117,0.18711764789095112,0.372549019,0.30354901271707874,0.2703854968914619,0.21900880623322266,"Jackson Merrill",29490,701538
"Jeremiah Jackson","BAL",14,9,92.72222306993272,106,106,-1.6666666666666667,0,0,2,0.22222222,0.142857142,0.21085713910205023,0.142857142,0.29699999732630594,0.12722742557525635,0.2165000012942723,"Jeremiah Jackson",22239,669236
"Miguel Amaya","CHC",22,10,83.9,102,103.7,31,0,0,4,0.4,0.210526315,0.13463157689885089,0.263157894,0.18094736572943235,0.27552865039218555,0.21460045399990949,"Miguel Amaya",21693,665804
"Patrick Bailey","CLE",22,16,91.95333201090494,102.1,107,6.133333333333334,1,0.0625,7,0.4375,0.15,0.18364999797195197,0.2,0.2619500044733286,0.1781448863801502,0.21449800341257028,"Patrick Bailey",27478,672275
"Coby Mayo","BAL",23,13,97.63076958289513,107.3,113,17.76923076923077,0,0,8,0.61538462,0.19047619,0.16395238183793567,0.285714285,0.22585714147204444,0.24786527260490085,0.21386591717600822,"Coby Mayo",28312,691723
"Jacob Young","WSN",28,19,84.4052640011436,100.8,105.2,-1.4736842105263157,1,0.05263158,5,0.26315789,0.192307692,0.17653846006410626,0.307692307,0.2322307635600177,0.2486130382333483,0.2131041464329298,"Jacob Young",29931,696285
"Marcus Semien","NYM",12,8,88.32499885559082,102.9,102.9,18.625,0,0,2,0.25,0.09090909,0.17954544993964108,0.09090909,0.20263636925003745,0.13251556952794394,0.21187149981657663,"Marcus Semien",12533,543760
"Jim Jarvis","ATL",11,8,82.86249923706055,98.2,98.2,-3.625,0,0,2,0.25,0.2,0.17630000412464142,0.2,0.19400000274181367,0.22552534666928378,0.21058708971196954,"Jim Jarvis",33492,805347
"James Outman","DET",36,20,83.20999755859376,96.1,105.3,14.3,2,0.1,3,0.15,0.151515151,0.13600000428656736,0.333333333,0.2542424290017648,0.24598388539420235,0.20928816083404753,"James Outman",24770,681546
"Jorge Barrosa","ARI",6,4,83.63333384195964,99.4,99.4,18,0,0,1,0.25,0.2,0.09840000122785568,0.2,0.1606000006198883,0.2650311390558879,0.2090763399998347,"Jorge Barrosa",23968,678489
"Eric Haase","SFG",20,8,87.29999923706055,108.1,108.1,1.6666666666666667,1,0.125,1,0.125,0,0.09956249984679744,0,0.16243749967543408,0.11208371425929822,0.20632683980817856,"Eric Haase",14111,606992
"Paul Goldschmidt","NYY",40,26,84.72692401592548,103,105.2,6.115384615384615,3,0.11538462,9,0.34615385,0.131578947,0.14452631938222207,0.315789473,0.2823947377895054,0.21313742101192473,0.20609790487214924,"Paul Goldschmidt",9218,502671
"Daulton Varsho","TOR",42,29,85.11724116884429,106,107.4,27.96551724137931,1,0.03448276,10,0.34482759,0.195121951,0.1638780478842375,0.341463414,0.282487807749975,0.24012342521122523,0.2032728090527512,"Daulton Varsho",19918,662139
"Tyler Heineman","LAA",12,9,82.01111348470052,103.4,103.4,13.11111111111111,0,0,2,0.22222222,0.083333333,0.21908332407474518,0.083333333,0.2502500042319298,0.07421599825223286,0.2031666673719883,"Tyler Heineman",13897,623168
"Dane Myers","CIN",14,8,88.95000076293945,104.3,104.3,8.666666666666666,0,0,2,0.25,0.166666666,0.10509091073816473,0.25,0.1473636356267062,0.25357467787606375,0.20114738207597,"Dane Myers",22054,667472
"Ryan Kreidler","MIN",37,28,84.47857066563198,98.5,105.2,13.892857142857142,1,0.03571429,8,0.28571429,0.194444444,0.16986111158298123,0.277777777,0.26124999713566566,0.21852909229897163,0.19844480744890264,"Ryan Kreidler",25867,668952
"Christian Vázquez","HOU",14,10,87.0999984741211,93.8,98.7,17.3,0,0,1,0.1,0.214285714,0.2028571471039738,0.214285714,0.2502857112724866,0.19084113836288452,0.19635714351066522,"Christian Vazquez",9774,543877
"Travis Bazzana","CLE",50,32,88.9093770980835,102.3,103.9,17.8125,0,0,11,0.34375,0.152173913,0.16206521735243176,0.195652173,0.197260864564906,0.1814454412460327,0.19112748458981513,"Travis Bazzana",34967,683953
"Chuckie Robinson","LAD",14,13,78.93333095974393,90.8,94.7,12.333333333333334,0,0,0,0,0.166666666,0.2022499971014137,0.166666666,0.2319166692517077,0.14843199650446573,0.19066667133787027,"Chuckie Robinson",19824,642020
"Kyler Fedko","MIN",8,2,86.20000076293945,98.5,98.5,-21,0,0,1,0.5,0,0.09514285836900983,0,0.17028571026665823,0.08744935691356659,0.18680724501609802,"Kyler Fedko",29930,693459
"George Springer","TOR",31,18,84.34444385104709,106.5,106.6,3.9444444444444446,0,0,7,0.38888889,0.172413793,0.1548275844804172,0.24137931,0.19417240599106098,0.21143632550393382,0.18628761172294617,"George Springer",12856,543807
"Myles Straw","TOR",19,18,87.53333367241754,103.6,108.3,13,0,0,6,0.33333333,0.166666666,0.17400000099506643,0.388888888,0.2703888834350639,0.22069923501265676,0.18357894844130465,"Myles Straw",17620,664702
"Nick Allen","HOU",19,11,82.12727217240767,94.2,106.6,20.09090909090909,0,0,1,0.09090909,0.176470588,0.12594118078841882,0.235294117,0.1499411820927087,0.23371776154166773,0.18183768579834386,"Nick Allen",22277,669397
"Jahmai Jones","DET",5,1,64,64,64,-74,0,0,0,0,0,0.05550000071525574,0,0.05575000122189522,0.13991897106170653,0.17989160120487213,"Jahmai Jones",18872,663330
"Brian Navarreto","MIA",12,9,86.27142769949776,104,104,17.571428571428573,1,0.11111111,1,0.11111111,0.222222222,0.10266666321290864,0.333333333,0.1794444372256597,0.28504506349563596,0.17754580229520797,"Brian Navarreto",16398,640459
"Drew Romo","CHW",12,8,84.47500228881836,102,102,17.25,0,0,2,0.25,0.1,0.07679999805986881,0.1,0.08670000098645687,0.190815140803655,0.1762430005085965,"Drew Romo",27763,691011
"Sean Keys","TOR",25,15,92.56666717529296,103.9,105.3,24.2,0,0,9,0.6,0.16,0.16583999633789062,0.32,0.24159999310970307,0.2033550977706909,0.17527999997138977,"Sean Keys",35094,815873
"Cooper Ingle","CLE",24,9,90.95555708143446,103.6,103.6,1.1111111111111112,0,0,4,0.44444444,0.095238095,0.10609523668175652,0.095238095,0.12704761964934214,0.16166535516579947,0.17522391863167286,"Cooper Ingle",33708,694876
"Tristan Gray","MIN",27,15,87.97857339041573,102.7,106.3,24.142857142857142,1,0.06666667,3,0.2,0.153846153,0.15503845997871116,0.192307692,0.20215385009606296,0.17154202196333143,0.17483177687972784,"Tristan Gray",19877,656484
"Josh Rojas","KCR",20,15,81.17333221435547,100.7,102.9,22.466666666666665,1,0.06666667,3,0.2,0.15,0.14710000436753035,0.35,0.26039999574422834,0.20966427326202391,0.1740500010550022,"Josh Rojas",19734,668942
"Brandon Valenzuela","TOR",19,9,78.03333282470703,92.6,92.6,27.333333333333332,0,0,0,0,0,0.07500000155414455,0,0.09031249964027666,0.11046234557503148,0.17001968355065114,"Brandon Valenzuela",23813,678218
"Ronny Mauricio","NYM",18,12,90.20833269755046,108.3,108.7,9.5,1,0.08333333,4,0.33333333,0.111111111,0.15216666840327284,0.166666666,0.2430555567714489,0.11949198775821263,0.169944442782758,"Ronny Mauricio",23698,677595
"Austin Wells","NYY",32,21,85.56000022888183,100,101.5,17.8,0,0,8,0.38095238,0.096774193,0.15819354908120248,0.129032258,0.23425806265684865,0.09811121802176198,0.16922581051626512,"Austin Wells",27562,669224
"Kameron Misner","KCR",22,11,84.47272560813211,96.8,98.6,20.454545454545453,0,0,2,0.18181818,0.095238095,0.1467142818229539,0.142857142,0.17528571427932807,0.1295659379525618,0.16574809039858254,"Kameron Misner",26374,670224
"LaMonte Wade Jr.","HOU",10,5,83.37999877929687,95.3,95.3,26,0,0,1,0.2,0,0.10933333221409056,0,0.12277777658568488,0.06995948553085327,0.16074579879641532,"LaMonte Wade Jr.",18126,664774
"Brice Matthews","HOU",24,14,79.68333371480306,100.8,103.3,18.75,1,0.07142857,4,0.28571429,0.095238095,0.10238095350740921,0.238095238,0.1494761939116177,0.18835701631463092,0.16030069639015457,"Brice Matthews",33280,694728
"Logan O'Hoppe","LAA",26,18,80.16111108991835,102.3,105.3,22.22222222222222,0,0,6,0.33333333,0.153846153,0.16688460935032567,0.153846153,0.19299999373302293,0.13701415061950684,0.1578076914525949,"Logan O'Hoppe",24729,681351
"Oswaldo Cabrera","NYY",11,7,89.60000152587891,98.4,98.4,-5.4,0,0,3,0.42857143,0,0.15844444433848062,0,0.1868888901339637,0,0.1477777792347802,"Oswaldo Cabrera",21707,665828
"Billy Cook","PIT",6,5,81.32000122070312,104.4,104.4,44,0,0,2,0.4,0.166666666,0.13966666658719382,0.333333333,0.20466667662064233,0.21004396677017212,0.14683333784341812,"Billy Cook",29573,695257
"Ali Sánchez","NYY",8,6,82.88333129882812,92.1,92.1,15.333333333333334,0,0,0,0,0,0.15175000205636024,0,0.1731249950826168,0,0.14024999924004078,"Ali Sanchez",18551,645305
"Jesús Sánchez","TOR",8,4,95.87500381469727,107.7,107.7,5.25,0,0,2,0.5,0.125,0.14137500524520874,0.125,0.17687499523162842,0.1113239973783493,0.13975000567734241,"Jesus Sanchez",19913,660821
"Petey Halpin","CLE",9,8,92.31666692097981,103,103,24.666666666666668,0,0,2,0.25,0.25,0.11662499979138374,0.25,0.14612499810755253,0.2226479947566986,0.11487499997019768,"Petey Halpin",27931,690984
"Weston Wilson","SEA",8,3,76.86666615804036,85.8,85.8,32,0,0,0,0,0.125,0.12612499622628093,0.125,0.13562500081025064,0.1113239973783493,0.11375000071711838,"Weston Wilson",19358,642215
"Oswald Peraza","LAA",23,11,82.79090811989524,102.9,109,3.3636363636363638,0,0,3,0.27272727,0.04347826,0.11704347711866317,0.04347826,0.13204347909144734,0.03872139039246932,0.10913043562322855,"Oswald Peraza",22823,672724
"Rodolfo Durán","SDP",22,16,86.22666524251302,98,101.4,22.4,0,0,3,0.1875,0.142857142,0.10466666590599787,0.19047619,0.13390476079214186,0.14483084565117246,0.1030000008287884,"Rodolfo Duran",20958,660710
"Jake Rogers","DET",15,8,92.20000076293945,109.3,109.3,27,0,0,2,0.25,0.071428571,0.05485714213656528,0.071428571,0.079000003103699,0.10601245562235515,0.10009719766676425,"Jake Rogers",19452,668670
"Jonah Cox","SFG",13,5,90.26666768391927,102.3,102.3,23,0,0,1,0.2,0.09090909,0.0892727253111926,0.09090909,0.11918181587349284,0.08096290718425404,0.08981817960739136,"Jonah Cox",33270,813841
"Braxton Fulford","COL",14,4,77.5999984741211,94.2,94.2,19.75,0,0,0,0,0,0.04415384550184871,0,0.04961538471532269,0.052171490022114346,0.08959243233714785,"Braxton Fulford",29704,690924
"Mickey Gasper","BOS",5,4,78.4749984741211,82.6,82.6,2.75,0,0,0,0,0,0.0734000027179718,0,0.09460000395774841,0,0.07360000014305115,"Mickey Gasper",24759,681508
"Davis Schneider","TOR",8,4,98.4000015258789,102.9,102.9,46.25,0,0,2,0.5,0,0.010428571275302343,0,0.02971428632736206,0,0.040749999694526196,"Davis Schneider",23565,676914
"Daniel Susac","SFG",6,2,78.8499984741211,89.1,89.1,17.5,0,0,0,0,0,0.017666666768491268,0,0.025166666756073635,0,0.01800000046690305,"Daniel Susac",31441,691740
