Name,Team,G,AB,PA,H,1B,2B,3B,HR,R,RBI,BB,IBB,SO,HBP,SF,SH,GDP,SB,CS,AVG,NameASCII,PlayerId,MLBAMID
"Stone Garrett","WSN",2,5,6,3,1,1,0,1,2,3,1,0,0,0,0,0,0,0,0,0.6,"Stone Garrett",19273,656448
"Darren Baker","WSN",9,14,14,7,5,2,0,0,1,0,0,0,3,0,0,0,0,0,0,0.5,"Darren Baker",29912,671117
"Eduardo Valencia","DET",6,12,13,5,3,0,0,2,3,3,0,0,4,1,0,0,0,0,0,0.416666666,"Eduardo Valencia",24574,680664
"Joshua Kuroda-Grauer","ATH",15,57,59,23,16,7,0,0,7,3,1,0,6,1,0,0,3,0,1,0.403508771,"Joshua Kuroda-Grauer",35121,811965
"Brewer Hicklen","- - -",7,19,22,7,4,3,0,0,4,2,3,0,8,0,0,0,0,2,0,0.368421052,"Brewer Hicklen",20450,676551
"Diego Castillo","MIN",4,6,8,2,1,1,0,0,3,2,2,0,1,0,0,0,0,0,0,0.333333333,"Diego Castillo",19906,660636
"Samad Taylor","- - -",33,101,116,32,29,1,1,1,17,11,12,0,32,0,0,3,2,6,1,0.316831683,"Samad Taylor",22274,669392
"Tyler Tolbert","KCR",100,108,121,34,28,3,0,3,36,11,5,0,22,3,3,2,4,32,5,0.314814814,"Tyler Tolbert",25779,686475
"Aaron Judge","NYY",369,1314,1644,412,205,76,3,128,302,296,299,61,403,18,10,0,46,27,8,0.313546423,"Aaron Judge",15640,592450
"Luis Arraez","- - -",398,1631,1763,503,389,84,14,16,197,143,83,7,68,13,16,20,36,28,7,0.308399754,"Luis Arraez",18568,650333
"Trey Mancini","LAA",5,13,14,4,3,0,1,0,1,4,0,0,3,0,1,0,1,0,0,0.307692307,"Trey Mancini",15149,641820
"Yordan Alvarez","HOU",294,1077,1268,330,194,62,2,72,170,186,163,37,202,15,13,0,18,8,1,0.306406685,"Yordan Alvarez",19556,670541
"Bobby Witt Jr.","KCR",411,1627,1808,498,298,114,18,68,275,236,146,21,303,17,18,0,17,99,26,0.306084818,"Bobby Witt Jr.",25764,677951
"Esmerlyn Valdez","PIT",31,105,118,32,12,7,1,12,23,32,12,0,44,0,1,0,4,0,1,0.304761904,"Esmerlyn Valdez",29005,699013
"Wade Meckler","LAA",45,128,142,39,29,8,0,2,19,17,14,0,32,0,0,0,1,3,0,0.3046875,"Wade Meckler",31490,685133
"David Bote","CHC",37,46,48,14,10,4,0,0,4,6,2,0,13,0,0,0,1,0,0,0.304347826,"David Bote",14593,623520
"Jake Mangum","- - -",197,649,696,194,159,28,2,5,72,60,33,1,110,8,2,4,10,45,12,0.298921417,"Jake Mangum",26202,663968
"TJ Rumfield","COL",98,348,397,104,69,20,2,13,43,51,40,0,57,7,2,0,2,0,0,0.298850574,"TJ Rumfield",29805,681198
"Xavier Edwards","MIA",309,1191,1343,355,284,45,16,10,164,106,132,7,192,3,12,5,17,72,14,0.298068849,"Xavier Edwards",22266,669364
"Jacob Wilson","OAK",212,816,877,243,184,38,3,18,101,95,46,1,78,8,3,4,25,7,2,0.297794117,"Jacob Wilson",33266,805779
"Vladimir Guerrero Jr.","TOR",409,1552,1776,462,309,93,1,59,246,228,196,25,242,15,13,0,46,15,6,0.297680412,"Vladimir Guerrero Jr.",19611,665489
"Yandy Díaz","TBR",389,1507,1684,445,313,77,3,52,185,204,146,8,244,19,12,0,34,4,2,0.295288652,"Yandy Diaz",16578,650490
"Shohei Ohtani","LAD",412,1595,1877,470,241,80,18,131,346,292,250,40,444,14,11,0,21,85,12,0.294670846,"Shohei Ohtani",19755,660271
"Victor Bericoto","SFG",24,58,59,17,10,3,0,4,7,9,1,0,15,0,0,0,2,1,2,0.293103448,"Victor Bericoto",26468,682674
"Jonathan Aranda","TBR",247,850,985,249,169,46,0,34,126,137,106,6,232,18,11,0,20,0,2,0.292941176,"Jonathan Aranda",21837,666018
"Troy Johnston","- - -",134,399,447,116,82,26,1,7,45,53,37,0,82,6,4,1,4,6,7,0.290726817,"Troy Johnston",26143,687859
"Miguel Andujar","- - -",243,862,914,250,176,51,4,19,91,96,41,3,129,8,3,0,30,6,4,0.290023201,"Miguel Andujar",15878,609280
"Carlos Cortes","ATH",118,307,339,89,56,20,2,11,33,39,25,0,52,4,3,0,12,1,0,0.28990228,"Carlos Cortes",21842,666126
"Chandler Simpson","TBR",201,755,807,218,184,25,9,0,94,43,38,0,77,0,4,8,13,67,23,0.288741721,"Chandler Simpson",31912,802415
"Cole Carrigg","COL",33,104,125,30,16,7,3,4,26,23,14,1,26,2,4,1,1,2,2,0.288461538,"Cole Carrigg",33253,694249
"Freddie Freeman","LAD",391,1463,1686,421,258,97,5,61,214,230,187,17,299,19,17,0,40,18,4,0.287764866,"Freddie Freeman",5361,518692
"Carlos Correa","- - -",262,978,1092,281,192,57,2,30,140,122,103,5,200,4,6,0,29,1,0,0.287321063,"Carlos Correa",14162,621043
"Matt Duffy","TEX",4,7,10,2,2,0,0,0,2,0,2,0,1,1,0,0,0,0,0,0.285714285,"Matt Duffy",13836,622110
"Dom Nuñez","CLE",2,7,7,2,2,0,0,0,2,0,0,0,4,0,0,0,0,0,0,0.285714285,"Dom Nunez",15055,624513
"Justin Dean","- - -",29,7,9,2,1,0,1,0,3,3,2,0,3,0,0,0,0,1,0,0.285714285,"Justin Dean",25005,681909
"Deyvison De Los Santos","MIA",3,7,7,2,1,1,0,0,0,0,0,0,3,0,0,0,0,0,0,0.285714285,"Deyvison De Los Santos",27969,691277
"Harry Ford","- - -",10,14,18,4,2,1,0,1,4,5,1,0,6,2,1,0,0,1,0,0.285714285,"Harry Ford",29958,695670
"Jim Jarvis","ATL",13,42,45,12,8,3,0,1,5,4,1,0,10,1,0,1,0,0,0,0.285714285,"Jim Jarvis",33492,805347
"Jeremy Peña","HOU",335,1295,1416,369,260,67,4,38,183,154,77,3,240,30,10,4,26,48,9,0.284942084,"Jeremy Pena",21636,665161
"Trea Turner","PHI",359,1491,1606,424,296,73,7,48,248,166,97,1,300,13,5,0,25,72,13,0.284372904,"Trea Turner",16252,607208
"Gabriel Moreno","ARI",252,829,948,235,168,45,2,20,120,118,104,4,149,6,9,0,22,9,4,0.283474065,"Gabriel Moreno",22664,672515
"Juan Yepez","WSN",62,226,249,64,43,15,0,6,32,26,18,0,42,1,3,1,9,2,1,0.28318584,"Juan Yepez",18400,660766
"Kevin McGonigle","DET",96,362,426,102,71,19,3,9,61,35,61,0,59,3,0,0,2,11,0,0.281767955,"Kevin McGonigle",33572,805808
"Pedro Ramírez","CHC",28,64,71,18,11,5,1,1,9,10,5,0,10,0,1,1,3,2,0,0.28125,"Pedro Ramirez",29218,699393
"Brendan Donovan","- - -",296,1131,1268,318,217,70,4,27,138,131,100,3,163,25,10,2,8,9,9,0.281167108,"Brendan Donovan",24679,680977
"Sam Antonacci","CHW",78,274,317,77,56,12,2,7,50,29,22,0,49,18,1,2,1,13,5,0.281021897,"Sam Antonacci",35101,803011
"Romy Gonzalez","BOS",199,563,612,158,103,34,5,16,77,88,34,1,156,6,9,0,14,18,9,0.280639431,"Romy Gonzalez",21562,663853
"Tristan Peters","- - -",98,271,298,76,47,20,3,6,37,37,18,0,59,3,2,4,0,5,2,0.280442804,"Tristan Peters",30063,671976
"Nick Kurtz","ATH",209,754,901,211,111,41,3,56,151,152,139,12,281,4,3,0,9,9,2,0.279840848,"Nick Kurtz",35110,701762
"Nick Gonzales","PIT",284,1091,1181,305,227,54,7,17,136,123,67,1,217,13,9,1,30,9,7,0.279560036,"Nick Gonzales",27490,693304
"Jose Iglesias","- - -",197,576,634,161,126,27,1,7,68,62,36,1,95,15,3,4,11,11,3,0.279513888,"Jose Iglesias",10231,578428
"Otto Lopez","MIA",357,1335,1447,373,265,71,7,30,176,162,89,2,216,8,12,2,30,53,13,0.279400749,"Otto Lopez",19608,672640
"Ketel Marte","ARI",357,1368,1558,382,226,70,5,81,233,223,159,14,251,16,15,0,25,15,3,0.279239766,"Ketel Marte",13613,606466
"Alec Burleson","STL",388,1416,1553,395,269,69,3,54,178,216,107,3,216,11,13,2,31,17,5,0.278954802,"Alec Burleson",27615,676475
"Juan Soto","- - -",398,1439,1776,401,230,59,7,105,293,266,315,24,301,7,12,1,30,52,11,0.27866574,"Juan Soto",20123,665742
"Alex Call","- - -",197,481,570,134,96,27,2,9,77,61,66,0,95,11,6,6,10,8,3,0.278586278,"Alex Call",19296,669743
"Jung Hoo Lee","SFG",278,1048,1139,291,205,56,15,15,136,96,71,0,120,11,9,0,9,18,6,0.277671755,"Jung Hoo Lee",33824,808982
"Luke Keaschall","MIN",143,497,573,138,101,28,1,8,74,56,55,1,84,15,6,0,8,26,7,0.277665995,"Luke Keaschall",33321,807712
"Ernie Clement","TOR",392,1348,1427,374,260,79,6,29,174,133,52,2,139,8,10,9,30,21,9,0.277448071,"Ernie Clement",20352,676391
"Chase DeLauter","CLE",83,310,345,86,57,17,1,11,34,47,33,0,47,0,2,0,7,4,2,0.277419354,"Chase DeLauter",32127,800050
"Miguel Rojas","LAD",283,737,813,204,140,48,0,16,91,80,57,1,96,5,7,7,21,13,3,0.276797829,"Miguel Rojas",7802,500743
"A.J. Ewing","NYM",60,210,236,58,40,10,1,7,27,25,22,0,62,1,1,2,1,10,6,0.276190476,"A.J. Ewing",33656,805999
"Konnor Griffin","PIT",59,225,247,62,45,10,2,5,35,25,16,0,65,4,2,0,3,20,1,0.275555555,"Konnor Griffin",35376,804606
"Nico Hoerner","CHC",404,1568,1723,432,321,87,6,18,214,152,119,2,150,24,12,0,19,74,15,0.275510204,"Nico Hoerner",21479,663538
"Drake Baldwin","ATL",199,698,780,192,129,24,2,37,110,134,71,1,139,10,1,0,17,2,1,0.275071633,"Drake Baldwin",31539,686948
"Fernando Tatis Jr.","SDP",355,1376,1559,378,254,67,4,53,224,161,157,9,312,17,8,1,23,68,19,0.274709302,"Fernando Tatis Jr.",19709,665487
"Jose F Miranda","MIN",133,437,465,120,78,28,4,10,46,54,18,1,79,6,4,0,13,2,2,0.274599542,"Jose F Miranda",20538,669304
"Ryan O'Hearn","- - -",371,1233,1390,338,231,55,4,48,177,186,132,7,255,15,10,0,31,7,2,0.274128142,"Ryan O'Hearn",16442,656811
"Iván Herrera","STL",277,978,1150,268,192,39,2,35,153,134,119,5,207,41,9,0,36,18,2,0.274028629,"Ivan Herrera",20599,671056
"Yainer Diaz","HOU",337,1301,1369,356,247,63,4,42,144,177,50,3,231,5,13,0,40,3,2,0.273635664,"Yainer Diaz",23003,673237
"Masataka Yoshida","BOS",227,753,836,206,144,43,1,18,86,100,56,0,100,20,7,0,10,7,0,0.273572377,"Masataka Yoshida",31837,807799
"Jackson Chourio","MIL",344,1349,1459,369,225,81,8,55,216,196,91,7,316,8,9,2,23,53,15,0.273535952,"Jackson Chourio",28806,694192
"José Ramírez","CLE",388,1481,1669,405,230,91,5,79,259,236,161,39,200,10,14,0,19,109,16,0.273463875,"Jose Ramirez",13510,608070
"Roman Anthony","BOS",101,366,433,100,66,23,2,9,60,37,60,1,117,6,1,0,2,6,1,0.273224043,"Roman Anthony",31812,701350
"William Contreras","MIL",397,1514,1734,413,282,79,2,50,237,225,197,13,312,9,14,0,43,16,8,0.272787318,"William Contreras",20503,661388
"Raynel Delgado","HOU",17,33,36,9,7,1,0,1,3,4,2,0,5,0,0,1,0,0,0,0.272727272,"Raynel Delgado",22272,669384
"Oscar Colás","CHW",13,33,38,9,9,0,0,0,1,4,4,0,10,1,0,0,0,0,1,0.272727272,"Oscar Colas",30162,693049
"Luis Lara","MIL",8,22,27,6,5,1,0,0,2,2,5,0,4,0,0,0,0,1,0,0.272727272,"Luis Lara",30675,800325
"Lucas Spence","HOU",3,11,12,3,3,0,0,0,1,0,1,0,4,0,0,0,0,0,0,0.272727272,"Lucas Spence",35126,828599
"Brandon Marsh","PHI",363,1148,1277,313,207,57,7,42,166,149,108,3,364,4,12,4,6,34,7,0.272648083,"Brandon Marsh",20202,669016
"Jake McCarthy","- - -",295,939,1037,256,177,39,18,22,126,131,59,1,173,20,7,12,10,48,10,0.272630457,"Jake McCarthy",21622,664983
"Bo Bichette","- - -",319,1285,1391,350,241,74,3,32,156,176,87,3,230,8,11,0,42,10,4,0.27237354,"Bo Bichette",19612,666182
"Spencer Horwitz","- - -",279,938,1087,255,165,56,1,33,137,124,126,3,183,14,9,0,25,1,1,0.27185501,"Spencer Horwitz",26477,687462
"Steven Kwan","CLE",370,1413,1598,384,296,56,6,26,204,117,155,3,147,11,9,9,15,39,12,0.271762208,"Steven Kwan",24610,680757
"Victor Robles","- - -",167,460,518,125,92,27,1,5,64,42,29,0,98,16,6,7,9,46,6,0.27173913,"Victor Robles",18363,645302
"Geraldo Perdomo","ARI",354,1266,1512,344,237,67,10,30,207,173,189,1,189,17,21,19,24,51,15,0.271721958,"Geraldo Perdomo",22799,672695
"Donovan Solano","- - -",167,449,488,122,93,17,1,11,41,56,30,0,105,6,3,0,15,2,1,0.271714922,"Donovan Solano",8623,456781
"Jose Altuve","HOU",385,1514,1666,411,282,69,2,58,221,170,131,8,300,12,7,2,48,34,15,0.271466314,"Jose Altuve",5417,514888
"Christian Yelich","MIL",288,1096,1249,297,199,48,4,46,175,178,136,12,308,11,3,2,11,45,7,0.270985401,"Christian Yelich",11477,592885
"Hyeseong Kim","LAD",114,277,301,75,60,9,2,4,35,28,19,0,83,1,2,1,2,18,2,0.270758122,"Hyeseong Kim",35322,808975
"Byron Buxton","MIN",303,1149,1265,311,158,64,11,78,216,184,84,7,330,22,10,0,5,38,3,0.270670147,"Byron Buxton",14161,621439
"Nathan Lukes","TOR",221,670,756,181,128,31,4,18,91,93,60,2,103,7,7,12,20,3,5,0.270149253,"Nathan Lukes",18123,664770
"Luis García Jr.","WSN",371,1296,1378,350,222,69,5,54,170,204,69,3,221,2,11,0,25,40,11,0.270061728,"Luis Garcia Jr.",20391,671277
"Bryce Harper","PHI",377,1404,1632,379,208,92,2,77,216,221,207,19,346,9,11,1,32,24,10,0.269943019,"Bryce Harper",11579,547180
"Daylen Lile","WSN",189,704,768,190,120,36,14,20,101,89,46,1,132,9,7,1,11,17,11,0.269886363,"Daylen Lile",29995,695734
"Ben Malgeri","DET",13,26,31,7,5,2,0,0,2,4,4,0,8,0,1,0,0,0,0,0.269230769,"Ben Malgeri",29577,701162
"Jonah Cox","SFG",24,26,29,7,4,1,1,1,5,3,0,0,15,0,0,3,0,4,0,0.269230769,"Jonah Cox",33270,813841
"Amed Rosario","- - -",223,665,703,179,124,33,4,18,69,82,27,0,144,6,5,0,17,15,5,0.269172932,"Amed Rosario",15518,642708
"Ronald Acuña Jr.","ATL",197,725,870,195,130,30,3,32,143,79,133,6,207,10,2,0,9,40,11,0.268965517,"Ronald Acuna Jr.",18401,660670
"Starling Marte","- - -",236,740,824,199,148,31,3,17,95,83,57,1,183,15,8,4,17,24,5,0.268918918,"Starling Marte",9241,516782
"Brice Turang","MIL",404,1507,1703,405,282,75,9,39,236,198,172,5,361,4,10,10,18,89,17,0.268745852,"Brice Turang",22186,668930
"Bligh Madris","DET",21,67,75,18,14,3,0,1,8,5,6,0,20,0,1,0,0,0,0,0.268656716,"Bligh Madris",20054,676632
"Josh Jung","TEX",267,1009,1089,270,186,51,3,30,117,112,67,0,247,9,4,0,25,9,2,0.267591674,"Josh Jung",26299,673962
"Jurickson Profar","- - -",238,882,1039,236,152,45,1,38,150,128,124,4,160,23,5,5,18,19,5,0.267573696,"Jurickson Profar",10815,595777
"Isiah Kiner-Falefa","- - -",318,1015,1087,271,210,43,6,12,117,96,45,0,173,15,3,9,24,33,8,0.266995073,"Isiah Kiner-Falefa",16512,643396
"David Peralta","SDP",91,236,260,63,44,11,0,8,35,28,22,0,54,2,0,0,3,2,0,0.266949152,"David Peralta",2136,444482
"Junior Caminero","TBR",295,1139,1258,304,172,51,1,80,171,188,105,10,243,5,9,0,51,11,3,0.26690079,"Junior Caminero",28163,691406
"Julio Rodríguez","SEA",392,1571,1711,419,286,63,4,66,229,204,112,7,390,22,6,0,32,66,14,0.266709102,"Julio Rodriguez",23697,677594
"Yohendrick Piñango","TOR",51,150,160,40,28,7,0,5,11,20,10,0,37,0,0,0,6,0,0,0.266666666,"Yohendrick Pinango",26664,682818
"Michael Harris II","ATL",362,1400,1480,373,253,58,9,53,161,192,54,2,296,9,13,4,16,36,13,0.266428571,"Michael Harris II",25931,671739
"Alec Bohm","PHI",358,1370,1497,365,246,76,5,38,147,205,94,2,227,17,16,0,46,8,2,0.266423357,"Alec Bohm",21618,664761
"Brent Rooker","OAK",355,1352,1516,360,206,70,5,79,194,230,143,9,397,12,8,0,21,19,4,0.266272189,"Brent Rooker",19627,667670
"Riley Greene","DET",392,1465,1651,390,230,78,8,74,216,232,163,6,469,11,11,0,26,8,4,0.266211604,"Riley Greene",25976,682985
"Willson Contreras","- - -",310,1112,1297,296,172,64,3,57,167,180,126,4,331,50,7,1,29,11,4,0.26618705,"Willson Contreras",11609,575929
"Griffin Conine","MIA",87,248,274,66,38,15,1,12,42,36,23,0,84,3,0,0,2,2,1,0.266129032,"Griffin Conine",21626,665052
"Sal Frelick","MIL",377,1279,1431,340,259,56,7,18,175,129,111,1,189,13,9,6,16,43,11,0.265832681,"Sal Frelick",29622,686217
"Liam Hicks","MIA",207,640,744,170,127,22,2,19,89,103,76,1,88,15,9,4,9,4,0,0.265625,"Liam Hicks",29844,689414
"Cody Bellinger","- - -",379,1461,1639,388,252,67,11,58,210,228,154,8,244,5,19,0,20,32,9,0.265571526,"Cody Bellinger",15998,641355
"Elly De La Cruz","CIN",401,1563,1749,415,249,82,21,63,261,207,170,12,496,10,4,2,31,118,30,0.265515035,"Elly De La Cruz",26668,682829
"Bryan Reynolds","PIT",410,1571,1781,417,264,91,8,54,211,220,177,6,430,25,8,0,26,20,4,0.265436028,"Bryan Reynolds",19326,668804
"Seiya Suzuki","CHC",366,1394,1592,370,219,74,9,68,200,224,173,7,414,10,15,0,27,22,8,0.265423242,"Seiya Suzuki",30116,673548
"Will Smith","LAD",290,1011,1181,268,173,49,3,43,164,159,138,7,228,16,16,0,20,3,4,0.265084075,"Will Smith",19197,669257
"Josh Naylor","- - -",392,1469,1637,389,261,68,1,59,202,237,137,13,237,15,10,0,48,55,8,0.26480599,"Josh Naylor",18839,647304
"Jordan Westburg","BAL",192,744,799,197,120,36,6,35,116,104,39,0,177,13,2,1,10,7,5,0.264784946,"Jordan Westburg",27815,676059
"Heliot Ramos","SFG",339,1330,1461,352,234,60,7,51,171,170,101,5,359,19,11,0,30,12,5,0.264661654,"Heliot Ramos",22515,671218
"Nick Sogard","BOS",73,208,231,55,40,14,1,0,29,19,17,0,55,3,2,1,8,5,1,0.264423076,"Nick Sogard",25483,686765
"Francisco Lindor","NYM",355,1426,1605,377,225,78,4,70,247,192,139,2,288,30,10,0,18,62,11,0.264375876,"Francisco Lindor",12916,596019
"Blaze Alexander","- - -",217,617,697,163,115,31,3,14,81,78,53,1,189,17,2,6,11,16,10,0.264181523,"Blaze Alexander",23789,677942
"Kyle Tucker","- - -",308,1118,1330,295,181,56,6,52,201,169,191,10,220,7,8,1,16,42,3,0.263864042,"Kyle Tucker",18345,663656
"Jackson Merrill","SDP",367,1369,1483,361,225,71,13,52,181,199,90,4,311,6,10,8,12,37,7,0.263696128,"Jackson Merrill",29490,701538
"Andy Pages","LAD",371,1363,1491,359,227,72,3,57,196,199,92,1,328,20,15,0,26,23,15,0.263389581,"Andy Pages",24816,681624
"Jeremiah Jackson","BAL",120,376,398,99,65,20,2,12,44,57,16,0,93,3,2,1,16,2,3,0.263297872,"Jeremiah Jackson",22239,669236
"Gunnar Henderson","BAL",412,1617,1823,425,259,81,14,71,260,204,174,8,401,21,11,0,15,59,13,0.262832405,"Gunnar Henderson",26289,683002
"Mookie Betts","LAD",329,1287,1451,338,224,57,7,50,206,188,144,6,157,5,15,0,35,25,6,0.262626262,"Mookie Betts",13611,605141
"James Wood","WSN",336,1276,1494,335,188,74,5,68,221,201,204,17,457,9,5,0,16,44,17,0.262539184,"James Wood",29518,695578
"Ryan Mountcastle","BAL",221,819,879,215,144,49,2,20,88,99,43,0,214,5,12,0,23,6,0,0.262515262,"Ryan Mountcastle",18373,663624
"Henry Bolte","ATH",56,183,209,48,38,7,0,3,18,17,15,0,57,8,2,0,4,11,4,0.262295081,"Henry Bolte",31448,703607
"JJ Wetherholt","STL",93,366,423,96,72,10,0,14,61,38,41,2,66,14,2,0,1,9,0,0.262295081,"JJ Wetherholt",34985,802139
"Alejandro Kirk","TOR",262,885,999,232,168,41,1,22,76,139,95,5,124,3,16,0,28,1,0,0.262146892,"Alejandro Kirk",22581,672386
"Nolan Schanuel","LAA",359,1305,1504,342,251,59,1,31,157,142,155,4,223,24,13,6,34,15,3,0.262068965,"Nolan Schanuel",33189,694384
"Matt Olson","ATL",422,1607,1840,421,231,103,3,84,243,252,205,10,451,15,13,0,32,3,0,0.261978842,"Matt Olson",14344,621566
"Donovan Walton","- - -",46,126,141,33,21,8,0,4,20,15,11,0,28,2,0,2,4,0,0,0.261904761,"Donovan Walton",19314,622268
"Garrett Mitchell","MIL",183,546,625,143,83,37,7,16,85,71,69,1,203,4,2,4,3,21,9,0.261904761,"Garrett Mitchell",27555,669003
"Chase Meidroth","CHW",217,803,904,210,166,32,0,12,110,55,82,0,167,8,3,7,18,16,6,0.261519302,"Chase Meidroth",31580,805367
"Trevor Larnach","MIN",336,1117,1265,292,192,59,2,39,166,145,128,4,262,10,8,1,38,10,7,0.261414503,"Trevor Larnach",21501,663616
"Carson Benge","NYM",97,364,399,95,70,12,2,11,52,38,30,0,86,4,1,0,4,16,2,0.26098901,"Carson Benge",35177,701807
"Harold Ramírez","- - -",73,238,246,62,52,7,1,2,28,29,5,0,50,2,1,0,2,6,2,0.260504201,"Harold Ramirez",14387,623912
"Jake Fraley","- - -",220,623,689,162,112,35,2,13,81,54,59,1,144,4,3,0,8,27,8,0.260032102,"Jake Fraley",19260,641584
"Dillon Dingler","DET",243,854,930,222,137,46,6,33,105,128,49,2,220,20,4,0,17,0,0,0.259953161,"Dillon Dingler",27464,693307
"Gavin Lux","- - -",279,885,990,230,159,52,4,15,108,103,100,0,224,2,3,0,11,6,2,0.259887005,"Gavin Lux",19955,666158
"Austin Hays","- - -",200,658,715,171,110,35,5,21,89,91,39,4,179,9,8,1,12,9,3,0.259878419,"Austin Hays",19363,669720
"Marcell Ozuna","- - -",369,1321,1534,343,220,55,0,68,176,200,192,5,392,8,11,0,38,1,0,0.259651778,"Marcell Ozuna",10324,542303
"Gleyber Torres","- - -",342,1276,1483,331,242,54,0,35,185,155,179,1,270,9,17,2,19,8,4,0.259404388,"Gleyber Torres",16997,650402
"Maikel Garcia","KCR",386,1438,1586,373,252,83,12,26,197,162,128,0,232,1,12,7,27,65,14,0.259388038,"Maikel Garcia",22715,672580
"Blaze Jordan","STL",25,81,88,21,14,4,2,1,9,17,3,0,12,0,4,0,2,0,0,0.259259259,"Blaze Jordan",28199,691458
"Rafael Flores Jr.","PIT",12,27,33,7,3,3,0,1,2,2,6,0,9,0,0,0,0,0,0,0.259259259,"Rafael Flores Jr.",31991,804668
"Tyler Soderstrom","OAK",306,1061,1197,275,157,65,3,50,140,166,120,7,259,12,4,0,33,9,4,0.259189443,"Tyler Soderstrom",27467,691016
"Dominic Canzone","SEA",234,645,718,167,101,31,1,34,83,89,61,2,166,6,6,0,14,5,2,0.258914728,"Dominic Canzone",26438,686527
"Mauricio Dubón","- - -",364,1128,1212,292,203,66,2,21,132,133,65,0,153,5,6,7,22,9,4,0.258865248,"Mauricio Dubon",16530,643289
"Connor Wong","BOS",233,731,815,189,134,40,1,14,84,74,59,1,186,14,5,6,15,13,9,0.258549931,"Connor Wong",19896,657136
"Ramón Laureano","- - -",283,909,1003,235,140,48,5,42,130,130,70,1,280,17,7,0,16,22,9,0.258525852,"Ramon Laureano",17128,657656
"Paul Goldschmidt","- - -",370,1335,1458,345,221,74,3,47,179,152,102,8,338,9,5,0,32,17,1,0.258426966,"Paul Goldschmidt",9218,502671
"Casey Schmitt","SFG",226,782,845,202,127,36,2,37,89,106,41,2,181,13,8,1,14,9,1,0.25831202,"Casey Schmitt",27577,669477
"Corey Seager","TEX",276,1042,1197,269,162,46,0,61,157,149,139,23,242,10,6,0,27,5,1,0.258157389,"Corey Seager",13624,608369
"Alex Bregman","- - -",356,1395,1573,360,230,73,3,54,190,180,146,6,226,21,11,0,35,6,3,0.258064516,"Alex Bregman",17678,608324
"CJ Abrams","WSN",378,1479,1646,381,225,83,13,60,229,195,112,6,341,40,13,2,14,77,19,0.25760649,"CJ Abrams",25768,682928
"Manny Machado","SDP",407,1557,1725,401,247,79,0,75,215,256,148,13,343,4,15,1,49,27,7,0.257546563,"Manny Machado",11493,592518
"Austin Martin","MIN",230,626,719,161,117,38,2,4,98,43,79,0,130,8,2,4,14,28,13,0.257188498,"Austin Martin",27462,668885
"Colt Keith","DET",374,1190,1304,306,218,46,8,34,155,130,99,3,267,7,8,0,16,12,2,0.257142857,"Colt Keith",27899,690993
"Kyle Teel","CHW",96,315,366,81,58,13,0,10,47,49,43,0,104,6,1,1,2,3,1,0.257142857,"Kyle Teel",33549,691019
"Andrew Vaughn","- - -",318,1129,1242,290,186,66,3,35,110,159,89,1,233,11,12,1,28,2,0,0.256864481,"Andrew Vaughn",26197,683734
"Rafael Devers","- - -",400,1511,1751,388,207,92,6,83,236,245,217,27,459,10,13,0,37,4,1,0.256783587,"Rafael Devers",17350,646240
"Teoscar Hernández","LAD",354,1332,1459,342,203,70,3,66,186,225,103,4,396,13,9,0,28,19,5,0.256756756,"Teoscar Hernandez",13066,606192
"Victor Caratini","- - -",273,818,932,210,152,30,1,27,88,111,72,2,168,25,17,0,18,1,1,0.256723716,"Victor Caratini",14968,605170
"Michael Massey","KCR",257,830,889,213,145,42,2,24,97,98,39,1,141,4,11,5,16,5,1,0.256626506,"Michael Massey",27684,686681
"Masyn Winn","STL",369,1403,1544,360,254,71,7,28,196,150,107,1,281,16,13,5,19,28,12,0.256593014,"Masyn Winn",27479,691026
"Jorge Alfaro","WSN",14,39,39,10,8,2,0,0,3,3,0,0,14,0,0,0,0,1,0,0.256410256,"Jorge Alfaro",12180,595751
"Justin Crawford","PHI",91,273,294,70,53,12,3,2,28,21,17,0,61,2,0,2,1,12,3,0.256410256,"Justin Crawford",31791,702222
"Kevin Newman","- - -",168,402,427,103,78,19,1,5,54,39,16,1,71,0,2,7,12,9,1,0.256218905,"Kevin Newman",17696,621028
"Edmundo Sosa","PHI",233,644,702,165,107,29,6,23,86,95,28,0,156,14,7,5,16,11,2,0.25621118,"Edmundo Sosa",17022,624641
"Charlie Blackmon","COL",124,449,499,115,74,24,5,12,59,52,43,2,86,6,1,0,4,6,2,0.256124721,"Charlie Blackmon",7859,453568
"Dominic Smith","- - -",238,695,774,178,120,40,1,17,93,102,61,1,152,8,9,1,18,3,1,0.256115107,"Dominic Smith",15653,642086
"Will Wagner","- - -",95,246,280,63,47,14,0,2,28,18,31,1,51,2,0,1,8,1,0,0.25609756,"Will Wagner",29634,695238
"Ceddanne Rafaela","BOS",402,1449,1543,371,238,82,12,39,199,179,61,1,343,21,5,7,25,52,21,0.256038647,"Ceddanne Rafaela",24262,678882
"Randal Grichuk","- - -",283,668,722,171,90,48,3,30,97,96,43,2,141,5,6,0,13,0,1,0.255988023,"Randal Grichuk",10243,545341
"Mike Tauchman","- - -",202,633,735,162,115,29,2,16,94,69,92,0,156,8,2,0,12,6,2,0.25592417,"Mike Tauchman",15274,643565
"Bryce Johnson","SDP",134,184,206,47,38,8,0,1,23,14,13,0,49,2,0,7,3,10,3,0.255434782,"Bryce Johnson",20002,669369
"Vinnie Pasquantino","KCR",363,1386,1544,354,219,73,5,57,167,242,123,8,232,12,22,1,29,6,0,0.255411255,"Vinnie Pasquantino",27676,686469
"Lourdes Gurriel Jr.","ARI",309,1187,1288,303,206,54,4,39,136,176,70,1,211,14,17,0,28,18,5,0.255265374,"Lourdes Gurriel Jr.",19238,666971
"Ildemaro Vargas","- - -",220,670,728,171,125,31,4,11,73,96,37,2,75,6,7,7,15,11,4,0.25522388,"Ildemaro Vargas",13324,545121
"Hao-Yu Lee","DET",57,157,165,40,28,7,1,4,11,17,7,0,43,0,0,1,1,1,2,0.25477707,"Hao-Yu Lee",30080,701678
"Wilyer Abreu","BOS",343,1139,1281,290,163,70,5,52,162,176,121,7,310,5,13,2,22,20,9,0.254609306,"Wilyer Abreu",23772,677800
"Carter Jensen","KCR",112,381,429,97,53,28,0,16,55,64,42,1,116,1,5,0,4,1,0,0.254593175,"Carter Jensen",29478,695600
"Jose Fernandez","ARI",55,165,177,42,32,7,0,3,23,15,7,0,40,1,0,4,2,7,2,0.254545454,"Jose Fernandez",28020,699912
"Bryce Eldridge","SFG",67,228,268,58,33,15,0,10,31,27,37,1,70,1,2,0,0,1,0,0.254385964,"Bryce Eldridge",33390,805811
"Hunter Goodman","COL",306,1097,1187,279,148,52,5,74,159,183,73,3,341,11,6,0,26,7,7,0.25432999,"Hunter Goodman",29715,696100
"Pete Crow-Armstrong","CHC",379,1333,1488,339,197,66,14,62,202,195,98,5,367,25,17,15,7,87,17,0.254313578,"Pete Crow-Armstrong",27769,691718
"Tyler Fitzgerald","SFG",168,531,584,135,84,29,3,19,72,48,39,0,178,6,2,6,5,26,8,0.254237288,"Tyler Fitzgerald",26208,666149
"Pete Alonso","- - -",424,1602,1837,407,224,89,1,93,239,280,185,11,443,33,17,0,47,8,2,0.254057428,"Pete Alonso",19251,624413
"Nolan Arenado","- - -",352,1299,1430,330,229,59,1,41,164,167,102,8,218,14,14,0,32,8,2,0.25404157,"Nolan Arenado",9777,571448
"Dairon Blanco","KCR",97,126,140,32,23,5,0,4,39,14,8,0,34,1,1,3,2,34,9,0.253968253,"Dairon Blanco",19779,680118
"George Springer","TOR",353,1308,1501,332,209,57,5,61,212,165,158,3,286,17,7,0,36,40,4,0.253822629,"George Springer",12856,543807
"Jack López","LAA",27,67,71,17,13,3,0,1,4,6,2,0,25,1,0,1,2,0,1,0.253731343,"Jack Lopez",13663,605346
"Jarren Duran","BOS",408,1644,1822,417,239,99,29,50,240,207,142,2,445,22,11,3,14,72,15,0.253649635,"Jarren Duran",24617,680776
"Sal Stewart","CIN",116,430,486,109,60,24,0,25,63,78,49,3,105,2,5,0,10,11,3,0.253488372,"Sal Stewart",31505,701398
"Brendan Rodgers","- - -",178,616,667,156,107,33,1,15,79,65,42,1,178,5,3,1,14,1,1,0.253246753,"Brendan Rodgers",17907,663898
"Shea Langeliers","OAK",349,1324,1456,335,183,68,2,82,184,202,109,5,338,11,12,0,29,13,4,0.253021148,"Shea Langeliers",25816,669127
"Wyatt Langford","TEX",315,1179,1334,298,184,59,7,48,176,161,137,6,310,10,8,0,18,47,9,0.252756573,"Wyatt Langford",33333,694671
"Austin Barnes","LAD",67,182,200,46,39,6,0,1,16,13,15,0,50,0,0,3,4,3,0,0.252747252,"Austin Barnes",12158,605131
"Heriberto Hernández","MIA",157,471,535,119,73,21,2,23,65,81,55,1,135,4,5,0,7,7,3,0.252653927,"Heriberto Hernandez",24878,681715
"Xander Bogaerts","SDP",341,1247,1392,315,230,53,1,31,152,135,119,4,244,8,17,1,29,45,6,0.252606255,"Xander Bogaerts",12161,593428
"Lenyn Sosa","- - -",280,982,1030,248,176,40,1,31,96,119,31,1,229,8,5,4,18,5,2,0.252545824,"Lenyn Sosa",22896,672820
"Daniel Susac","SFG",38,107,119,27,21,5,1,0,5,14,6,0,30,2,2,2,3,1,1,0.252336448,"Daniel Susac",31441,691740
"Michael Busch","CHC",405,1380,1597,348,202,70,9,67,195,207,183,4,400,24,10,0,16,8,2,0.252173913,"Michael Busch",26319,683737
"Mickey Moniak","- - -",324,1047,1118,264,150,48,13,53,142,157,56,1,283,9,6,0,10,18,7,0.252148997,"Mickey Moniak",19956,666160
"Javier Sanoja","MIA",217,587,633,148,91,42,6,9,65,74,34,0,67,2,5,5,7,11,7,0.252129471,"Javier Sanoja",28253,691594
"Ryan Waldschmidt","ARI",37,123,135,31,20,10,1,0,13,9,9,0,46,1,1,0,0,6,1,0.25203252,"Ryan Waldschmidt",35061,814439
"Ryan Jeffers","MIN",283,957,1096,241,145,57,1,38,130,142,108,1,211,22,8,1,20,5,1,0.251828631,"Ryan Jeffers",24618,680777
"Warming Bernabel","COL",40,139,146,35,22,8,1,4,15,14,7,0,25,0,0,0,2,1,1,0.251798561,"Warming Bernabel",26536,682653
"Josh Smith","TEX",333,1140,1293,287,203,56,4,24,145,105,115,4,247,27,5,5,11,25,6,0.251754385,"Josh Smith",26396,669701
"Kyle Stowers","- - -",261,870,983,219,123,48,8,40,112,139,90,5,301,14,7,2,16,6,3,0.251724137,"Kyle Stowers",26151,669065
"Kerry Carpenter","DET",293,910,1001,229,121,39,12,57,129,155,58,1,253,16,8,0,10,1,3,0.251648351,"Kerry Carpenter",25961,681481
"Jhonny Pereda","- - -",69,171,186,43,35,6,0,2,14,12,12,0,42,2,0,1,3,0,0,0.251461988,"Jhonny Pereda",19802,640902
"Trevor Story","BOS",224,871,936,219,146,43,0,30,115,125,52,3,266,9,3,1,11,41,4,0.251435132,"Trevor Story",12564,596115
"Brandon Lockridge","- - -",107,231,256,58,45,11,1,1,30,24,18,0,65,1,2,4,2,17,1,0.251082251,"Brandon Lockridge",21496,663604
"Ben Rice","NYY",282,968,1110,243,123,51,7,62,158,156,118,4,241,13,9,0,28,5,3,0.251033057,"Ben Rice",29576,700250
"Luis Rengifo","- - -",284,976,1062,245,188,38,4,15,118,92,69,1,174,8,5,4,15,37,16,0.25102459,"Luis Rengifo",19858,650859
"J.T. Realmuto","PHI",304,1120,1231,281,191,55,2,33,134,132,82,2,285,22,6,0,24,13,4,0.250892857,"J.T. Realmuto",11739,592663
"Carson Kelly","- - -",274,877,993,220,154,32,2,32,115,120,99,0,178,12,5,0,22,2,1,0.250855188,"Carson Kelly",13620,608348
"Jake Cave","COL",123,323,346,81,53,16,5,7,42,37,18,1,98,1,3,1,6,5,2,0.250773993,"Jake Cave",14477,595909
"Ty France","- - -",351,1141,1268,286,190,60,2,34,124,142,73,2,252,42,11,0,33,3,2,0.250657318,"Ty France",17982,664034
"José Tena","- - -",167,487,528,122,82,28,4,8,57,51,37,0,135,3,1,0,11,12,3,0.250513347,"Jose Tena",23691,677588
"Rob Refsnyder","- - -",212,559,635,140,88,28,1,23,69,79,59,3,164,9,6,1,14,5,2,0.250447227,"Rob Refsnyder",13770,608701
"Jesús Sánchez","- - -",356,1155,1268,289,185,60,5,39,143,141,93,4,302,11,8,1,26,30,6,0.25021645,"Jesus Sanchez",19913,660821
"Brandon Lowe","- - -",333,1255,1388,314,178,59,4,73,196,206,109,3,371,9,15,0,16,9,3,0.250199203,"Brandon Lowe",18882,664040
"Rob Brantly","- - -",6,16,16,4,4,0,0,0,0,1,0,0,3,0,0,0,0,0,0,0.25,"Rob Brantly",10655,542963
"Jesse Winker","- - -",171,500,589,125,80,28,2,15,71,68,72,3,127,10,5,2,13,15,4,0.25,"Jesse Winker",13590,608385
"Forrest Wall","- - -",16,32,35,8,8,0,0,0,4,1,3,0,8,0,0,0,0,4,3,0.25,"Forrest Wall",16496,657088
"David Fletcher","ATL",5,8,9,2,2,0,0,0,0,2,0,0,1,0,1,0,0,0,0,0.25,"David Fletcher",17992,664058
"Carter Kieboom","LAA",3,8,8,2,2,0,0,0,0,1,0,0,1,0,0,0,0,0,0,0.25,"Carter Kieboom",19958,666198
"Conner Capel","CIN",5,8,8,2,2,0,0,0,1,0,0,0,2,0,0,0,0,1,0,0.25,"Conner Capel",19983,668843
"Joey Bart","- - -",208,628,714,157,110,25,1,21,71,87,66,0,193,18,2,0,22,1,1,0.25,"Joey Bart",21524,663698
"Cal Stevenson","PHI",23,32,35,8,5,3,0,0,2,7,3,0,6,0,0,0,1,0,0,0.25,"Cal Stevenson",22411,670276
"Isaac Collins","- - -",230,668,787,167,110,39,4,14,91,85,97,0,180,12,5,5,12,22,12,0.25,"Isaac Collins",25477,686555
"Cade Marlowe","SEA",8,8,9,2,2,0,0,0,1,0,1,0,1,0,0,0,1,0,0,0.25,"Cade Marlowe",25505,687799
"Blake Sabol","- - -",19,48,56,12,9,3,0,0,5,2,6,1,16,1,1,0,1,0,0,0.25,"Blake Sabol",25805,666165
"Bryson Stott","PHI",389,1336,1495,334,235,58,10,31,169,165,134,2,249,6,15,4,21,73,8,0.25,"Bryson Stott",26294,681082
"Tsung-Che Cheng","- - -",15,40,45,10,9,1,0,0,6,5,4,0,14,0,1,0,1,0,3,0.25,"Tsung-Che Cheng",28344,691907
"Jack Winkler","MIA",14,16,16,4,2,2,0,0,2,0,0,0,4,0,0,0,0,1,0,0.25,"Jack Winkler",29830,676466
"Tyler Black","MIL",32,84,98,21,14,7,0,0,7,10,13,0,25,1,0,0,1,3,1,0.25,"Tyler Black",29949,672012
"Jacob Gonzalez","- - -",34,96,107,24,16,5,0,3,13,20,8,0,23,2,0,1,1,0,0,0.25,"Jacob Gonzalez",33225,694378
"Ozzie Albies","ATL",354,1382,1527,345,229,73,3,40,188,180,111,3,216,14,20,0,18,23,7,0.249638205,"Ozzie Albies",16556,645277
"Nicky Lopez","- - -",189,549,611,137,117,15,3,2,57,35,45,0,90,6,0,11,8,9,9,0.249544626,"Nicky Lopez",19339,670032
"Tyler Freeman","- - -",296,934,1070,233,177,40,4,12,125,86,73,1,137,45,7,11,39,35,18,0.249464668,"Tyler Freeman",22532,671289
"Ben Williamson","- - -",156,486,525,121,95,22,1,3,62,44,34,0,108,2,0,3,11,13,2,0.248971193,"Ben Williamson",33197,810938
"Moisés Ballesteros","CHC",79,213,241,53,36,8,1,8,28,34,26,1,48,0,2,0,3,1,0,0.248826291,"Moises Ballesteros",28820,694208
"Myles Straw","- - -",231,422,472,105,77,20,1,7,79,48,32,0,72,1,4,13,7,17,2,0.248815165,"Myles Straw",17620,664702
"Christian Koss","SFG",89,193,211,48,35,10,0,3,26,23,9,0,47,4,2,3,4,4,1,0.248704663,"Christian Koss",27653,683766
"Giancarlo Stanton","NYY",215,756,836,188,100,34,0,54,93,152,73,5,268,3,3,0,24,1,0,0.248677248,"Giancarlo Stanton",4949,519317
"Francisco Alvarez","NYM",242,769,859,191,122,33,3,33,92,103,76,0,221,9,3,0,27,1,1,0.248374512,"Francisco Alvarez",26121,682626
"Kyle Karros","COL",138,423,487,105,71,22,2,10,68,43,55,2,110,5,4,0,7,3,0,0.24822695,"Kyle Karros",33252,691720
"Brandon Nimmo","- - -",399,1515,1712,376,238,74,7,57,207,219,159,3,383,25,12,1,23,32,2,0.248184818,"Brandon Nimmo",12927,607043
"Zach Neto","LAA",380,1427,1592,354,199,83,4,68,221,185,117,8,426,37,5,6,22,69,28,0.24807288,"Zach Neto",31347,687263
"Justin Turner","- - -",219,629,730,156,111,31,0,14,73,73,76,2,132,14,11,0,19,2,2,0.248012718,"Justin Turner",5235,457759
"Caleb Durbin","- - -",227,746,840,185,121,43,1,20,101,94,52,0,96,30,6,6,16,29,10,0.247989276,"Caleb Durbin",29646,702332
"Harrison Bader","- - -",319,956,1049,237,154,48,1,34,128,119,64,1,265,19,10,0,14,28,15,0.247907949,"Harrison Bader",18030,664056
"Isaac Paredes","- - -",349,1263,1477,313,202,58,2,51,156,183,164,2,243,38,12,0,37,1,2,0.247822644,"Isaac Paredes",20036,670623
"Nate Eaton","BOS",55,113,129,28,20,6,0,2,19,9,11,0,31,3,1,1,1,11,2,0.24778761,"Nate Eaton",25055,681987
"Ezequiel Tovar","COL",346,1336,1433,331,200,80,8,43,160,143,63,1,386,7,15,11,23,16,8,0.247754491,"Ezequiel Tovar",24064,678662
"Ezequiel Duran","TEX",272,779,841,193,137,41,2,13,83,84,48,0,197,7,5,2,12,19,5,0.24775353,"Ezequiel Duran",23733,677649
"José Azócar","- - -",86,109,118,27,23,4,0,0,20,3,8,0,24,0,0,1,1,7,1,0.247706422,"Jose Azocar",18821,640492
"Will Brennan","- - -",131,364,389,90,67,13,2,8,37,30,20,2,52,4,1,0,11,4,3,0.247252747,"Will Brennan",25660,686823
"Tyler Stephenson","CIN",301,991,1122,245,149,55,1,40,129,143,113,3,299,10,8,0,17,1,2,0.247225025,"Tyler Stephenson",17988,663886
"Ben Gamel","- - -",38,81,99,20,15,4,0,1,22,4,18,1,24,0,0,0,0,1,0,0.24691358,"Ben Gamel",12160,592325
"Nick Castellanos","- - -",348,1268,1370,313,201,62,6,44,161,178,78,3,306,14,10,0,28,12,2,0.246845425,"Nick Castellanos",11737,592206
"Santiago Espinal","- - -",268,714,779,176,139,27,0,10,62,68,46,1,100,3,7,9,23,13,2,0.246498599,"Santiago Espinal",19997,669289
"Max Muncy","LAD",265,852,1029,210,113,42,3,52,151,157,152,7,240,14,11,0,9,6,0,0.246478873,"Max Muncy",13301,571970
"Gio Urshela","- - -",187,613,658,151,107,33,2,9,44,72,36,1,112,1,6,2,19,0,1,0.246329526,"Gio Urshela",10681,570482
"Nathaniel Lowe","- - -",365,1231,1405,303,202,52,4,45,148,183,159,4,346,6,9,0,16,3,0,0.246141348,"Nathaniel Lowe",19566,663993
"Tommy Edman","LAD",159,561,618,138,91,23,3,21,84,83,38,0,108,9,7,3,8,11,2,0.245989304,"Tommy Edman",19470,669242
"Kyle Schwarber","PHI",408,1537,1843,378,193,55,3,127,280,297,276,13,541,20,10,0,11,17,6,0.245933636,"Kyle Schwarber",16478,656941
"Corbin Carroll","ARI",397,1509,1736,371,189,74,41,67,283,205,188,6,377,21,15,3,14,77,16,0.245858184,"Corbin Carroll",25878,682998
"Austin Riley","ATL",310,1196,1314,294,184,59,4,47,160,157,96,1,361,17,5,0,22,8,2,0.245819397,"Austin Riley",18360,663586
"Dane Myers","- - -",216,525,587,129,93,23,1,12,65,64,51,0,150,7,4,0,16,27,6,0.245714285,"Dane Myers",22054,667472
"Eguy Rosario","SDP",30,53,57,13,4,6,0,3,5,6,2,0,20,1,0,1,1,0,0,0.245283018,"Eguy Rosario",19964,666703
"Luisangel Acuña","- - -",178,363,394,89,72,12,1,4,53,24,21,0,72,3,3,4,11,31,6,0.245179063,"Luisangel Acuna",26548,682668
"Keibert Ruiz","WSN",258,918,968,225,152,51,0,22,95,117,31,0,107,10,9,0,22,5,4,0.245098039,"Keibert Ruiz",19610,660688
"Joey Wiemer","- - -",80,151,172,37,23,7,1,6,25,24,16,1,61,3,2,0,2,2,1,0.245033112,"Joey Wiemer",27690,686894
"Josh Bell","- - -",382,1360,1523,333,215,60,4,54,164,194,137,2,292,13,8,0,45,1,4,0.244852941,"Josh Bell",13145,605137
"Edgar Quero","CHW",166,515,575,126,101,18,0,7,43,51,44,0,112,7,7,2,13,1,1,0.244660194,"Edgar Quero",28022,700337
"Willie Calhoun","LAA",68,229,254,56,35,16,0,5,26,20,23,1,31,1,1,0,5,0,1,0.244541484,"Willie Calhoun",17838,641432
"Willi Castro","- - -",363,1260,1421,308,207,61,8,32,189,133,118,1,354,36,5,2,23,30,17,0.244444444,"Willi Castro",17338,650489
"Eric Wagaman","- - -",179,585,630,143,94,33,3,13,65,67,38,0,127,2,5,0,13,4,1,0.244444444,"Eric Wagaman",23395,676572
"José Fermín","STL",138,299,335,73,52,15,1,5,30,33,30,0,47,2,1,2,10,7,3,0.244147157,"Jose Fermin",21746,665877
"Jordan Walker","STL",258,897,984,219,141,43,2,33,119,137,73,2,277,8,6,0,21,24,8,0.244147157,"Jordan Walker",27475,691023
"Cooper Pratt","MIL",27,82,97,20,16,3,1,0,11,7,12,0,17,1,2,0,4,6,2,0.243902439,"Cooper Pratt",33530,806198
"Salvador Perez","KCR",405,1546,1680,377,231,77,0,69,145,243,87,16,333,31,12,0,43,0,0,0.243855109,"Salvador Perez",7304,521692
"Jazz Chisholm Jr.","- - -",371,1354,1523,330,205,49,7,69,198,191,148,7,410,11,9,1,13,97,23,0.243722304,"Jazz Chisholm Jr.",20454,665862
"Curtis Mead","- - -",211,632,705,154,102,29,2,21,83,74,56,0,151,14,2,0,17,13,3,0.243670886,"Curtis Mead",23986,678554
"Jake Meyers","HOU",304,940,1042,229,164,41,5,19,118,96,76,0,214,14,7,5,29,28,10,0.243617021,"Jake Meyers",20308,676694
"Nasim Nuñez","WSN",182,419,488,102,87,7,3,5,69,42,54,0,108,1,2,12,6,54,7,0.243436754,"Nasim Nunez",25979,683083
"Brenton Doyle","COL",330,1155,1263,281,185,51,6,39,160,133,87,1,331,3,12,6,27,57,9,0.243290043,"Brenton Doyle",25479,686668
"Armando Alvarez","OAK",16,37,39,9,8,1,0,0,7,2,2,0,8,0,0,0,1,1,0,0.243243243,"Armando Alvarez",19292,669137
"Drew Cavanaugh","SFG",15,37,45,9,9,0,0,0,2,2,7,0,12,0,0,1,0,0,0,0.243243243,"Drew Cavanaugh",33380,701852
"Jake Burger","- - -",335,1243,1341,302,187,52,2,61,152,188,72,2,344,17,9,0,19,4,2,0.242960579,"Jake Burger",22275,669394
"Jasson Domínguez","NYY",180,581,648,141,95,28,1,17,80,62,58,1,166,4,4,0,6,34,5,0.242685025,"Jasson Dominguez",28080,691176
"Tommy Pham","- - -",245,845,941,205,145,37,4,19,94,91,86,3,207,4,6,0,17,12,6,0.24260355,"Tommy Pham",2967,502054
"Manuel Margot","- - -",135,334,363,81,59,17,1,4,38,34,21,0,60,3,4,1,10,5,0,0.24251497,"Manuel Margot",14712,622534
"Zach Remillard","CHW",15,33,39,8,6,1,1,0,3,1,5,0,10,0,0,1,1,1,0,0.242424242,"Zach Remillard",19788,621545
"Kyle Isbel","KCR",327,916,1018,222,158,36,13,15,120,86,60,0,203,10,6,26,15,20,7,0.242358078,"Kyle Isbel",21614,664728
"Eloy Jiménez","- - -",110,355,384,86,66,14,0,6,27,26,25,1,77,2,2,0,14,3,0,0.242253521,"Eloy Jimenez",17484,650391
"Elias Díaz","- - -",241,673,730,163,111,33,0,19,71,84,43,2,160,6,3,5,26,0,0,0.242199108,"Elias Diaz",11680,553869
"Freddy Fermin","- - -",281,801,882,194,145,35,0,14,87,73,59,2,163,6,5,11,17,3,3,0.242197253,"Freddy Fermin",21840,666023
"Zach Dezenzo","HOU",82,223,243,54,37,12,0,5,32,21,20,0,85,0,0,0,6,2,0,0.242152466,"Zach Dezenzo",31562,701305
"Adley Rutschman","BAL",305,1140,1287,276,180,56,4,36,135,155,128,3,200,5,14,0,23,1,1,0.242105263,"Adley Rutschman",26288,668939
"Pavin Smith","ARI",175,459,535,111,63,29,1,18,67,70,69,1,141,0,6,0,12,4,2,0.241830065,"Pavin Smith",19892,656976
"Jonny DeLuca","TBR",187,567,610,137,91,27,7,12,57,63,35,1,129,4,0,4,7,31,9,0.241622574,"Jonny DeLuca",26365,676356
"Emmanuel Rivera","- - -",167,385,429,93,73,13,2,5,29,42,32,0,93,6,5,1,10,3,0,0.241558441,"Emmanuel Rivera",19890,656896
"Rikuu Nishida","CHW",12,29,30,7,7,0,0,0,3,2,0,0,5,0,0,1,0,0,0,0.24137931,"Rikuu Nishida",33795,807747
"Braden Montgomery","CHW",32,116,128,28,15,9,1,3,17,17,10,0,26,1,1,0,4,1,1,0.24137931,"Braden Montgomery",35423,695731
"Jonah Bride","- - -",116,344,397,83,60,12,0,11,37,44,41,2,94,4,8,0,10,0,1,0.241279069,"Jonah Bride",24703,681146
"Mark Vientos","NYM",305,1074,1171,259,150,52,2,55,127,167,75,0,311,11,11,0,28,1,0,0.241154562,"Mark Vientos",22184,668901
"Oswaldo Cabrera","NYY",146,415,459,100,76,15,0,9,64,47,32,0,92,3,4,5,7,4,3,0.240963855,"Oswaldo Cabrera",21707,665828
"Christian Walker","- - -",382,1428,1598,344,200,69,2,73,194,230,128,7,404,29,13,0,33,4,3,0.240896358,"Christian Walker",13419,572233
"Jacob Young","WSN",358,1067,1183,257,194,46,4,13,145,99,74,0,221,20,3,19,23,59,23,0.24086223,"Jacob Young",29931,696285
"James McCann","- - -",133,407,443,98,65,18,0,15,50,59,22,0,109,6,5,3,10,1,0,0.24078624,"James McCann",12859,543510
"Taylor Ward","- - -",412,1530,1779,368,220,76,4,68,219,205,217,2,431,15,17,0,31,13,8,0.240522875,"Taylor Ward",17548,621493
"Randy Arozarena","- - -",406,1497,1748,360,214,86,2,58,233,181,174,2,445,65,12,0,25,70,21,0.240480961,"Randy Arozarena",19290,668227
"Joey Loperfido","- - -",161,441,486,106,68,24,5,9,49,51,31,1,153,8,2,3,7,6,5,0.240362811,"Joey Loperfido",29630,694388
"Lars Nootbaar","STL",279,970,1122,233,152,48,5,28,124,105,136,6,227,7,7,2,17,12,9,0.240206185,"Lars Nootbaar",21454,663457
"Matt Vierling","DET",259,854,939,205,133,43,7,22,109,98,67,1,191,6,11,1,14,12,3,0.240046838,"Matt Vierling",21558,663837
"Avisaíl García","MIA",18,50,51,12,9,1,0,2,4,2,1,0,13,0,0,0,4,0,0,0.24,"Avisail Garcia",5760,541645
"Brian Navarreto","MIA",14,25,29,6,2,3,0,1,5,5,1,0,7,0,1,2,0,0,0,0.24,"Brian Navarreto",16398,640459
"Alika Williams","- - -",75,175,188,42,25,13,2,2,26,13,6,0,49,1,0,6,2,1,1,0.24,"Alika Williams",27604,675961
"Cam Cauley","TEX",12,25,28,6,4,1,1,0,6,0,3,0,5,0,0,0,1,0,0,0.24,"Cam Cauley",29710,695508
"Abraham Toro","- - -",171,596,648,143,99,30,1,13,67,53,34,2,104,11,5,2,5,6,3,0.239932885,"Abraham Toro",19844,647351
"Miguel Amaya","CHC",198,559,628,134,87,30,2,15,71,87,45,0,121,12,4,7,10,0,0,0.239713774,"Miguel Amaya",21693,665804
"Ramón Urías","- - -",237,681,760,163,108,29,2,24,81,86,56,0,155,11,12,0,7,4,2,0.239353891,"Ramon Urias",18795,602104
"Joe Mack","MIA",56,163,180,39,26,6,0,7,24,24,12,0,44,2,0,3,6,0,0,0.239263803,"Joe Mack",29780,691788
"Richie Palacios","TBR",181,510,600,122,92,18,3,9,85,51,78,2,117,8,3,0,12,32,6,0.239215686,"Richie Palacios",24589,680700
"Travis Bazzana","CLE",68,255,295,61,37,14,2,8,31,31,34,1,67,3,3,0,1,13,3,0.239215686,"Travis Bazzana",34967,683953
"Andruw Monasterio","- - -",187,414,454,99,59,29,1,10,53,49,36,0,111,3,0,1,6,10,6,0.239130434,"Andruw Monasterio",19455,655316
"Brett Baty","NYM",275,845,940,202,143,29,3,27,105,98,79,1,239,6,7,1,12,13,1,0.239053254,"Brett Baty",26123,683146
"Adam Frazier","- - -",279,762,846,182,133,35,2,12,93,72,57,2,168,16,5,6,9,11,6,0.238845144,"Adam Frazier",15223,624428
"Cole Young","SEA",177,582,652,139,99,21,2,17,72,72,53,1,118,9,5,3,8,4,3,0.238831615,"Cole Young",31680,702284
"Jeff McNeil","- - -",338,1093,1234,261,171,58,5,27,125,126,106,6,159,21,10,4,20,9,3,0.238792314,"Jeff McNeil",15362,643446
"Matt Chapman","SFG",366,1336,1534,319,179,80,5,55,209,181,172,5,365,17,9,0,27,24,8,0.238772455,"Matt Chapman",16505,656305
"Drew Waters","KCR",78,222,238,53,42,7,3,1,23,15,13,0,66,3,0,0,2,5,3,0.238738738,"Drew Waters",20505,671221
"Tyler Callihan","- - -",37,88,99,21,12,4,2,3,13,16,9,0,30,1,1,0,0,1,0,0.238636363,"Tyler Callihan",27497,682997
"Sung-Mun Song","SDP",44,88,102,21,16,4,0,1,16,15,13,0,16,0,0,1,1,11,2,0.238636363,"Sung-Mun Song",37122,823550
"Nick Madrigal","- - -",66,130,146,31,27,4,0,0,12,12,11,0,13,4,0,1,3,2,1,0.238461538,"Nick Madrigal",20521,663611
"Brooks Lee","MIN",285,1012,1097,241,168,36,4,33,103,142,70,2,181,6,8,1,22,12,5,0.238142292,"Brooks Lee",31595,686797
"Jesus Rodriguez","SFG",15,42,46,10,7,1,0,2,3,8,3,0,5,1,0,0,2,1,1,0.238095238,"Jesus Rodriguez",26991,683679
"Joc Pederson","- - -",318,891,1057,212,124,36,4,48,129,125,125,3,238,26,7,1,18,10,4,0.237934904,"Joc Pederson",11899,592626
"Oneil Cruz","PIT",345,1262,1426,300,177,62,6,55,179,181,145,11,453,10,9,0,17,81,10,0.237717908,"Oneil Cruz",21711,665833
"Tyler Heineman","- - -",113,261,301,62,47,10,1,4,35,26,19,0,59,10,2,9,5,3,0,0.237547892,"Tyler Heineman",13897,623168
"Thomas Saggese","STL",132,400,429,95,69,21,1,4,39,33,24,0,123,2,2,1,7,4,2,0.2375,"Thomas Saggese",27883,695336
"Jonathan India","- - -",304,1078,1262,256,170,58,2,26,155,111,142,0,244,30,9,3,25,13,6,0.237476808,"Jonathan India",21523,663697
"Adrian Del Castillo","ARI",121,354,386,84,55,16,0,13,35,59,28,0,123,1,3,0,8,1,1,0.237288135,"Adrian Del Castillo",29554,680728
"Jake Cronenworth","SDP",338,1147,1341,272,184,53,4,31,151,154,145,1,262,29,10,6,25,11,5,0.237140366,"Jake Cronenworth",18036,630105
"Ryan Ritter","COL",66,194,214,46,33,9,3,1,23,18,10,0,64,5,1,4,7,3,1,0.237113402,"Ryan Ritter",31500,690022
"Gavin Sheets","- - -",377,1232,1377,292,180,67,2,43,128,156,125,3,285,13,7,0,25,8,3,0.237012987,"Gavin Sheets",19901,657757
"Dylan Beavers","BAL",81,249,296,59,36,16,1,6,35,28,42,0,74,2,1,2,1,6,5,0.236947791,"Dylan Beavers",31695,687637
"Johan Rojas","PHI",191,490,535,116,92,15,5,4,70,50,26,0,109,4,3,12,9,37,6,0.236734693,"Johan Rojas",24336,679032
"Brandon Valenzuela","TOR",59,169,191,40,26,6,0,8,20,21,20,0,49,0,1,1,1,1,0,0.23668639,"Brandon Valenzuela",23813,678218
"Ian Happ","CHC",398,1488,1729,352,200,83,4,65,237,207,220,6,447,13,8,0,24,23,6,0.236559139,"Ian Happ",17919,664023
"David Villar","SFG",20,55,62,13,7,5,0,1,7,5,5,0,18,1,1,0,1,0,0,0.236363636,"David Villar",24782,681584
"Andrew Benintendi","CHW",337,1164,1290,275,170,51,4,50,147,174,107,4,248,4,13,1,21,5,2,0.236254295,"Andrew Benintendi",17901,643217
"Eli White","ATL",198,415,443,98,63,14,5,16,69,56,20,1,111,5,2,1,4,17,2,0.236144578,"Eli White",19346,642201
"Derek Hill","- - -",184,432,470,102,70,13,2,17,59,52,23,0,160,6,1,8,6,23,6,0.236111111,"Derek Hill",16947,656537
"Rowdy Tellez","- - -",251,682,744,161,101,29,0,31,74,109,49,0,175,5,8,0,21,2,0,0.236070381,"Rowdy Tellez",15679,642133
"Eugenio Suárez","- - -",387,1411,1576,333,173,67,2,91,206,255,119,2,473,27,19,0,23,6,3,0.236002834,"Eugenio Suarez",12552,553993
"Edwin Arroyo","CIN",36,106,114,25,21,3,1,0,11,4,3,0,24,3,1,1,0,0,1,0.235849056,"Edwin Arroyo",29957,695490
"Kyle McCann","OAK",54,140,157,33,24,4,0,5,13,15,16,1,59,1,0,0,2,0,0,0.235714285,"Kyle McCann",25575,668832
"Willy Adames","- - -",415,1570,1771,370,212,76,3,79,235,241,180,5,464,7,13,0,24,35,10,0.235668789,"Willy Adames",15986,642715
"Denzer Guzman","LAA",44,157,166,37,26,5,0,6,15,17,8,0,55,0,0,0,1,1,1,0.235668789,"Denzer Guzman",28816,694203
"TJ Friedl","CIN",298,1070,1248,252,185,33,4,30,135,119,125,0,219,32,10,11,10,26,4,0.235514018,"TJ Friedl",19522,670770
"Andrés Giménez","- - -",346,1206,1320,284,210,48,3,23,128,136,62,1,223,34,12,6,25,53,9,0.23548922,"Andres Gimenez",19950,665926
"Nick Fortes","- - -",281,739,807,174,126,36,1,11,70,70,31,0,118,19,7,11,19,1,1,0.235453315,"Nick Fortes",21538,663743
"Brayan Rocchio","CLE",355,1058,1196,249,174,50,4,21,125,124,93,1,218,23,13,9,20,33,15,0.235349716,"Brayan Rocchio",23690,677587
"Jorge Polanco","- - -",276,965,1076,227,139,45,0,43,111,126,94,4,234,7,7,3,24,10,5,0.23523316,"Jorge Polanco",13152,593871
"Mark Canha","- - -",171,506,587,119,88,23,0,8,55,48,58,2,120,16,7,0,11,7,1,0.235177865,"Mark Canha",11445,592192
"Jordan Beck","COL",233,791,860,186,122,38,6,20,83,76,60,1,261,5,3,0,15,28,10,0.235145385,"Jordan Beck",31431,687597
"J.D. Martinez","NYM",120,434,495,102,61,24,1,16,46,69,49,0,141,6,2,0,17,0,0,0.235023041,"J.D. Martinez",6184,502110
"Lawrence Butler","OAK",368,1230,1365,289,174,63,4,48,178,143,128,1,364,1,4,2,18,46,10,0.234959349,"Lawrence Butler",22542,671732
"Jon Berti","- - -",78,166,181,39,36,2,0,1,22,8,11,0,36,3,0,1,3,16,4,0.234939759,"Jon Berti",12037,542932
"Dansby Swanson","CHC",403,1448,1605,340,214,62,8,56,226,201,138,3,398,5,12,2,20,52,6,0.234806629,"Dansby Swanson",18314,621020
"JJ Bleday","- - -",327,1130,1283,265,139,71,5,50,159,142,144,5,275,4,3,1,19,8,8,0.234513274,"JJ Bleday",26368,668709
"Tyrone Taylor","NYM",301,755,822,177,108,47,6,16,96,80,41,2,180,14,3,8,8,23,6,0.234437086,"Tyrone Taylor",13675,621438
"Spencer Steer","CIN",398,1412,1595,331,199,69,6,57,194,207,157,1,348,18,6,1,27,35,4,0.234419263,"Spencer Steer",26323,668715
"Austin Wynns","- - -",67,175,187,41,23,12,0,6,19,23,8,0,51,1,1,2,3,0,0,0.234285714,"Austin Wynns",15271,642851
"Alejandro Osuna","TEX",125,316,367,74,63,8,0,3,33,33,38,1,60,10,2,1,4,9,6,0.234177215,"Alejandro Osuna",27915,696030
"Alex Verdugo","- - -",205,756,834,177,125,38,1,13,95,73,63,0,124,3,10,2,15,3,1,0.234126984,"Alex Verdugo",17027,657077
"José Caballero","- - -",350,1034,1159,242,164,52,2,24,141,115,91,1,300,17,8,9,15,116,35,0.234042553,"Jose Caballero",23401,676609
"Billy Cook","PIT",76,94,94,22,15,3,1,3,15,10,0,0,35,0,0,0,0,6,1,0.234042553,"Billy Cook",29573,695257
"Ronny Simon","- - -",27,77,88,18,15,3,0,0,10,7,8,0,15,0,2,1,1,1,0,0.233766233,"Ronny Simon",25346,682927
"Connor Norby","- - -",198,689,764,161,101,38,1,21,91,70,57,0,224,13,5,0,10,17,8,0.233671988,"Connor Norby",29592,681393
"Owen Caissie","- - -",92,244,273,57,31,13,0,13,34,54,19,0,107,3,7,0,2,4,1,0.233606557,"Owen Caissie",27496,683357
"Matt Carpenter","STL",59,137,157,32,21,7,0,4,15,15,15,0,51,2,2,0,0,0,2,0.233576642,"Matt Carpenter",8090,572761
"J.P. Crawford","SEA",344,1255,1454,293,210,50,2,31,162,123,176,1,294,14,3,6,19,14,4,0.233466135,"J.P. Crawford",15491,641487
"Parker Meadows","DET",152,497,550,116,75,19,9,13,64,46,48,0,142,2,2,1,0,16,4,0.233400402,"Parker Meadows",23800,678009
"Vaughn Grissom","- - -",90,300,336,70,50,15,0,5,33,42,25,0,55,5,5,0,11,2,0,0.233333333,"Vaughn Grissom",26031,687093
"Yohel Pozo","STL",85,193,201,45,31,9,0,5,16,24,7,0,25,0,1,0,9,0,0,0.233160621,"Yohel Pozo",18848,650968
"Jose Trevino","- - -",194,562,610,131,88,28,0,15,65,60,36,0,91,2,6,4,22,1,0,0.233096085,"Jose Trevino",16725,624431
"Jakob Marsee","MIA",151,541,630,126,81,29,6,10,75,58,72,0,135,11,2,4,4,33,16,0.232902033,"Jakob Marsee",31370,805300
"Spencer Jones","NYY",30,73,82,17,11,4,0,2,6,7,9,0,34,0,0,0,0,1,0,0.232876712,"Spencer Jones",31532,682987
"Noelvi Marte","CIN",199,700,743,163,105,32,2,24,85,82,34,0,195,6,3,0,11,24,7,0.232857142,"Noelvi Marte",26517,682622
"David Hamilton","- - -",263,675,749,157,109,27,4,17,105,62,57,0,181,3,0,13,5,73,15,0.232592592,"David Hamilton",27531,666152
"Weston Wilson","- - -",127,258,289,60,37,12,1,10,36,34,26,0,82,3,1,1,3,9,4,0.232558139,"Weston Wilson",19358,642215
"Kahlil Watson","CLE",26,86,89,20,14,5,0,1,5,11,3,0,32,0,0,0,2,9,1,0.232558139,"Kahlil Watson",29905,696135
"Joey Ortiz","MIL",377,1131,1269,263,183,51,7,22,146,128,107,0,221,9,9,13,26,32,13,0.232537577,"Joey Ortiz",25493,687401
"Andrew McCutchen","- - -",292,998,1149,232,155,42,1,34,125,112,134,6,273,9,6,0,21,4,3,0.232464929,"Andrew McCutchen",9847,457705
"Blake Dunn","CIN",87,228,259,53,38,10,1,4,38,15,20,0,69,10,1,0,4,9,4,0.23245614,"Blake Dunn",29487,694362
"Max Kepler","- - -",247,832,924,193,122,43,1,27,105,103,72,3,185,9,9,1,13,4,0,0.231971153,"Max Kepler",12144,596146
"Mike Trout","LAA",240,858,1049,199,113,29,3,54,148,117,173,19,298,11,6,0,12,16,1,0.231934731,"Mike Trout",10155,545361
"Matthew Lugo","LAA",31,69,70,16,9,2,1,4,9,9,0,0,24,1,0,0,3,0,0,0.231884057,"Matthew Lugo",25980,683090
"Brooks Baldwin","CHW",136,414,449,96,61,21,1,13,41,46,27,0,117,1,2,5,10,9,0,0.231884057,"Brooks Baldwin",31394,681460
"Sterlin Thompson","COL",27,69,77,16,10,4,0,2,7,10,5,0,21,3,0,0,3,0,0,0.231884057,"Sterlin Thompson",31443,694514
"Mike Yastrzemski","- - -",372,1135,1294,263,156,55,11,41,162,131,137,5,293,12,7,3,14,11,4,0.231718061,"Mike Yastrzemski",14854,573262
"Andy Ibáñez","- - -",204,423,463,98,71,17,1,9,55,58,28,0,92,7,5,0,8,6,4,0.231678486,"Andy Ibanez",18819,628451
"Wenceel Pérez","DET",265,894,983,207,130,37,11,29,120,97,77,0,208,4,6,2,11,20,9,0.231543624,"Wenceel Perez",22857,672761
"Kazuma Okamoto","TOR",96,350,395,81,47,12,0,22,50,62,37,0,121,6,2,0,6,0,0,0.231428571,"Kazuma Okamoto",37123,672960
"Matt Shaw","CHC",182,523,584,121,72,27,5,17,77,64,50,0,121,5,5,1,4,21,6,0.231357552,"Matt Shaw",33322,807713
"Brady House","WSN",117,424,451,98,69,18,0,11,48,54,21,0,128,0,6,0,15,6,3,0.231132075,"Brady House",29993,691781
"Zach McKinstry","DET",336,974,1092,225,143,44,18,20,121,91,96,2,225,9,9,4,13,36,9,0.23100616,"Zach McKinstry",19392,656716
"Jon Singleton","HOU",122,364,414,84,57,13,1,13,46,42,47,0,112,0,3,0,2,0,0,0.23076923,"Jon Singleton",10441,572138
"Javier Báez","DET",230,767,808,177,120,34,3,20,90,100,24,1,194,9,7,0,20,14,3,0.23076923,"Javier Baez",12979,595879
"P.J. Higgins","CIN",14,26,32,6,5,1,0,0,1,4,2,0,8,0,1,3,1,0,0,0.23076923,"P.J. Higgins",18433,664731
"Livan Soto","- - -",13,13,16,3,2,1,0,0,1,0,3,0,3,0,0,0,0,0,0,0.23076923,"Livan Soto",22471,670869
"Kevin Alcántara","CHC",31,39,41,9,9,0,0,0,6,4,2,0,12,0,0,0,1,1,1,0.23076923,"Kevin Alcantara",25971,682634
"Agustín Ramírez","MIA",167,650,714,150,87,38,2,23,86,81,49,3,141,10,5,0,18,19,4,0.23076923,"Agustin Ramirez",26546,682663
"Jordan Lawlar","ARI",40,104,118,24,14,9,0,1,15,9,9,0,36,4,1,0,0,6,0,0.23076923,"Jordan Lawlar",29976,691783
"Munetaka Murakami","CHW",63,221,272,51,25,6,0,20,46,42,49,4,91,1,1,0,2,1,3,0.23076923,"Munetaka Murakami",37120,808959
"Colson Montgomery","CHW",165,607,678,140,68,26,1,45,91,112,58,4,210,11,1,0,7,1,1,0.230642504,"Colson Montgomery",29712,695657
"Anthony Volpe","NYY",360,1319,1449,304,195,65,12,32,173,146,106,1,343,8,10,5,19,53,19,0.230477634,"Anthony Volpe",27647,683011
"Jake Bauers","MIL",293,790,922,182,109,33,3,37,129,130,120,5,273,10,2,0,4,27,3,0.230379746,"Jake Bauers",15194,641343
"Royce Lewis","MIN",253,903,992,208,123,46,0,39,106,129,77,2,224,2,10,0,14,18,2,0.2303433,"Royce Lewis",20437,668904
"Endy Rodríguez","PIT",53,152,179,35,20,10,0,5,20,18,26,0,43,0,0,0,3,2,1,0.230263157,"Endy Rodriguez",25332,682848
"Jared Young","NYM",76,187,210,43,25,8,0,10,22,24,15,0,50,6,2,0,4,0,0,0.229946524,"Jared Young",20404,676724
"Alek Thomas","ARI",210,622,672,143,92,33,4,14,76,65,31,0,162,7,4,8,12,15,5,0.229903536,"Alek Thomas",23792,677950
"Luke Raley","SEA",295,831,941,191,111,36,3,41,107,114,59,1,284,40,4,7,5,14,5,0.229843561,"Luke Raley",19354,670042
"Bryan De La Cruz","- - -",165,631,672,145,98,26,0,21,62,68,32,1,188,3,5,0,11,6,2,0.229793977,"Bryan De La Cruz",19600,650559
"Anthony Seigler","- - -",59,148,171,34,24,8,0,2,19,12,17,0,34,2,2,2,3,4,0,0.229729729,"Anthony Seigler",23802,678011
"Angel Martínez","CLE",248,823,896,189,120,41,3,25,100,89,45,0,196,11,7,10,15,20,5,0.22964763,"Angel Martinez",26540,682657
"Jonatan Clase","- - -",69,183,203,42,32,5,0,5,21,20,16,0,53,3,0,1,2,6,2,0.229508196,"Jonatan Clase",26599,682729
"Carlos Narváez","- - -",179,576,641,132,81,33,0,18,68,59,52,0,174,4,4,5,18,2,1,0.229166666,"Carlos Narvaez",19722,665966
"Wilmer Flores","SFG",196,633,705,145,103,22,0,20,63,97,54,1,121,10,8,0,19,1,0,0.22906793,"Wilmer Flores",5827,527038
"Cody Freeman","TEX",43,131,139,30,23,4,0,3,14,15,6,0,24,0,1,1,3,1,1,0.229007633,"Cody Freeman",25629,683227
"Jahmai Jones","- - -",165,271,308,62,35,14,2,11,38,36,31,1,84,5,0,1,6,3,3,0.228782287,"Jahmai Jones",18872,663330
"Brett Wisely","- - -",117,306,335,70,47,17,1,5,30,41,20,0,79,2,3,4,3,3,4,0.228758169,"Brett Wisely",27735,689172
"Dalton Rushing","LAD",117,328,369,75,46,15,0,14,46,54,33,0,115,5,3,0,3,0,0,0.228658536,"Dalton Rushing",31382,687221
"Luis Campusano","SDP",129,372,413,85,53,20,0,12,51,52,38,0,72,2,1,0,13,0,0,0.228494623,"Luis Campusano",22217,669134
"Anthony Rizzo","NYY",92,337,375,77,57,12,0,8,38,35,27,0,65,9,2,0,7,0,0,0.228486646,"Anthony Rizzo",3473,519203
"Marcus Semien","- - -",368,1419,1579,324,222,51,4,47,193,165,137,2,271,9,13,1,27,25,6,0.228329809,"Marcus Semien",12533,543760
"Kyle Higashioka","- - -",235,714,775,163,98,28,2,35,82,110,53,0,193,4,3,1,13,5,1,0.228291316,"Kyle Higashioka",5517,543309
"Ryan Vilade","- - -",80,206,231,47,31,7,1,8,23,36,18,0,50,1,4,2,6,3,0,0.228155339,"Ryan Vilade",22165,668723
"DJ LeMahieu","NYY",112,329,370,75,63,8,0,4,32,38,33,0,70,1,6,1,17,0,1,0.227963525,"DJ LeMahieu",9874,518934
"Yasmani Grandal","PIT",72,215,243,49,30,10,0,9,26,27,24,0,46,0,1,3,7,1,0,0.227906976,"Yasmani Grandal",11368,518735
"David Fry","CLE",252,610,700,139,84,26,1,28,76,87,73,5,189,11,4,0,20,5,1,0.227868852,"David Fry",24934,681807
"Michael Siani","- - -",144,316,354,72,61,7,2,2,46,20,23,0,99,3,1,11,2,20,3,0.227848101,"Michael Siani",22557,672279
"Pedro Pagés","STL",237,711,769,162,114,24,2,22,70,83,38,1,208,5,7,8,21,4,0,0.227848101,"Pedro Pages",25782,686780
"Thairo Estrada","- - -",135,518,546,118,80,24,2,12,57,68,16,0,102,7,5,0,14,3,5,0.227799227,"Thairo Estrada",16426,642731
"Chadwick Tromp","- - -",40,101,106,23,14,8,0,1,7,11,2,0,30,0,2,1,3,0,0,0.227722772,"Chadwick Tromp",16953,644433
"Sam Hilliard","COL",78,189,219,43,21,8,2,12,34,30,24,1,79,0,2,4,4,7,3,0.227513227,"Sam Hilliard",17954,656541
"Leody Taveras","- - -",294,910,1006,207,146,33,9,19,108,98,76,0,236,1,6,13,13,42,12,0.227472527,"Leody Taveras",18900,665750
"Jo Adell","LAA",381,1315,1435,299,177,48,4,70,159,213,80,1,369,30,6,0,31,23,11,0.227376425,"Jo Adell",20220,666176
"Paul DeJong","- - -",196,638,690,145,88,27,0,30,72,79,34,0,226,10,8,0,12,6,2,0.227272727,"Paul DeJong",18015,657557
"Logan O'Hoppe","LAA",325,1119,1212,254,176,33,2,43,119,122,74,0,353,13,3,3,25,4,4,0.226988382,"Logan O'Hoppe",24729,681351
"Nick Gordon","MIA",95,260,275,59,39,11,1,8,29,32,11,0,67,1,3,0,5,5,5,0.226923076,"Nick Gordon",16337,624503
"Daulton Varsho","TOR",293,996,1102,226,119,51,11,45,152,137,91,4,277,7,7,1,4,21,2,0.22690763,"Daulton Varsho",19918,662139
"Ryan McMahon","- - -",387,1289,1463,292,182,60,1,49,153,144,157,5,446,7,7,1,22,10,9,0.226532195,"Ryan McMahon",15112,641857
"Lane Thomas","- - -",254,839,952,190,115,44,3,28,104,108,94,1,243,10,9,0,13,41,18,0.226460071,"Lane Thomas",16939,657041
"Jared Walsh","TEX",17,53,60,12,9,2,0,1,9,7,7,0,21,0,0,0,2,0,0,0.226415094,"Jared Walsh",18607,665120
"Kevin Pillar","- - -",120,327,357,74,47,18,1,8,44,46,16,0,77,10,3,1,10,15,3,0.226299694,"Kevin Pillar",12434,607680
"Jackson Holliday","BAL",257,902,1008,204,143,28,6,27,116,93,94,1,249,8,4,0,7,25,11,0.226164079,"Jackson Holliday",31781,702616
"Carlos Santana","- - -",282,960,1094,217,145,38,0,34,113,125,119,4,198,9,6,0,18,11,0,0.226041666,"Carlos Santana",2396,467793
"Esteury Ruiz","- - -",108,177,211,40,20,10,2,8,37,20,21,0,63,7,3,2,1,29,7,0.2259887,"Esteury Ruiz",21780,665923
"Kyle Manzardo","CLE",285,894,1006,202,119,38,3,42,90,115,90,2,277,14,8,0,14,2,0,0.225950782,"Kyle Manzardo",29794,700932
"Joey Meneses","- - -",85,301,338,68,54,11,0,3,20,44,24,1,67,6,7,0,12,2,0,0.225913621,"Joey Meneses",14366,608841
"Luis Torrens","NYM",202,545,596,123,79,33,1,10,56,63,39,0,122,8,1,3,13,1,1,0.225688073,"Luis Torrens",15905,620443
"Yoán Moncada","- - -",137,399,464,90,54,17,4,15,52,45,54,1,131,9,2,0,8,2,0,0.225563909,"Yoan Moncada",17232,660162
"Vidal Bruján","- - -",172,346,386,78,55,19,2,2,50,25,32,3,76,5,1,2,6,7,8,0.225433526,"Vidal Brujan",20536,660644
"Spencer Torkelson","DET",345,1239,1413,279,152,66,2,59,167,162,146,6,399,18,8,0,27,2,2,0.225181598,"Spencer Torkelson",27465,679529
"Jared Triolo","PIT",297,924,1045,208,149,39,3,17,104,86,99,1,244,10,6,4,15,27,4,0.225108225,"Jared Triolo",25807,669707
"Kody Clemens","- - -",249,773,848,174,85,39,8,42,110,118,56,2,201,11,4,4,12,11,3,0.225097024,"Kody Clemens",20572,665019
"Jorge Soler","- - -",301,1053,1211,237,132,59,2,44,148,141,128,0,338,15,11,0,22,1,0,0.225071225,"Jorge Soler",14221,624585
"Blake Perkins","MIL",228,627,706,141,102,25,4,10,93,73,67,1,177,5,6,1,8,33,8,0.224880382,"Blake Perkins",19921,663368
"Trent Grisham","NYY",298,943,1106,212,124,31,3,54,158,146,147,1,246,8,6,1,16,11,4,0.224814422,"Trent Grisham",18564,663757
"Dustin Harris","- - -",38,89,102,20,12,5,1,2,12,10,10,0,22,1,1,1,1,5,1,0.224719101,"Dustin Harris",25705,687957
"Miles Mastrobuoni","- - -",139,276,311,62,54,7,0,1,32,17,26,0,56,0,3,6,3,8,3,0.224637681,"Miles Mastrobuoni",20017,670156
"Yanquiel Fernández","COL",52,138,147,31,22,5,0,4,13,11,8,0,44,0,1,0,4,0,0,0.224637681,"Yanquiel Fernandez",28552,692585
"Josh Lowe","- - -",276,926,1013,208,131,44,4,29,110,96,75,5,284,4,5,3,9,46,5,0.22462203,"Josh Lowe",19953,666139
"Drew Millas","WSN",88,236,269,53,39,10,1,3,31,19,23,0,60,3,1,3,2,6,1,0.224576271,"Drew Millas",25643,686452
"Cam Smith","HOU",233,775,867,174,115,34,4,21,94,85,74,0,227,11,6,0,20,17,2,0.224516129,"Cam Smith",35108,701358
"Luis Urías","- - -",151,410,471,92,63,15,0,14,41,44,43,0,83,12,3,0,11,2,1,0.224390243,"Luis Urias",16622,649966
"Zack Gelof","OAK",235,816,895,183,116,34,3,30,113,85,59,0,296,8,6,6,12,34,6,0.224264705,"Zack Gelof",29766,680869
"Seth Brown","OAK",162,437,476,98,69,13,1,15,38,47,34,0,135,4,1,0,9,5,2,0.224256292,"Seth Brown",18171,664913
"Tomás Nido","- - -",60,165,177,37,29,4,0,4,18,14,5,0,45,1,2,4,2,0,0,0.224242424,"Tomas Nido",13755,621512
"Edward Olivares","PIT",55,174,196,39,30,4,0,5,22,23,16,0,37,2,4,0,3,1,0,0.224137931,"Edward Olivares",19698,658668
"Enrique Hernández","LAD",221,598,653,134,85,26,0,23,76,79,45,0,145,0,8,2,20,0,0,0.224080267,"Enrique Hernandez",10472,571771
"Alexander Canario","- - -",102,241,262,54,39,7,1,7,29,22,19,0,91,1,1,0,5,4,1,0.22406639,"Alexander Canario",22842,672744
"Jorge Mateo","- - -",174,398,426,89,53,24,2,10,67,32,22,0,119,1,3,2,6,37,5,0.22361809,"Jorge Mateo",17273,622761
"Gary Sánchez","- - -",174,479,562,107,67,14,2,24,69,86,66,0,134,12,5,0,17,0,0,0.223382045,"Gary Sanchez",11442,596142
"Robert Hassell III","WSN",70,197,206,44,32,9,0,3,22,18,8,0,62,1,0,0,4,4,0,0.223350253,"Robert Hassell III",27482,690987
"Luis Robert Jr.","- - -",234,860,954,192,128,34,0,30,109,96,81,5,270,4,4,1,18,58,16,0.223255813,"Luis Robert Jr.",20043,673357
"Addison Barger","TOR",213,690,755,154,81,44,1,28,83,104,55,4,188,4,4,0,10,6,1,0.223188405,"Addison Barger",24598,680718
"Tommy Troy","ARI",39,121,134,27,19,3,1,4,22,9,13,0,31,0,0,0,0,1,0,0.223140495,"Tommy Troy",33279,694371
"Michael Helman","- - -",62,139,155,31,16,8,1,6,22,22,8,0,30,3,1,4,0,4,0,0.223021582,"Michael Helman",24605,680737
"Marcelo Mayer","BOS",114,332,364,74,48,18,1,7,39,32,24,0,85,3,4,0,7,3,2,0.222891566,"Marcelo Mayer",29668,691785
"Kyle Farmer","- - -",216,507,558,113,71,28,1,13,52,59,36,1,119,10,5,0,15,3,6,0.222879684,"Kyle Farmer",14813,571657
"LaMonte Wade Jr.","- - -",210,579,689,129,89,26,2,12,70,60,96,6,160,7,4,3,4,3,1,0.222797927,"LaMonte Wade Jr.",18126,664774
"Jerar Encarnacion","SFG",71,202,210,45,29,9,0,7,19,26,7,0,57,0,1,0,4,2,0,0.222772277,"Jerar Encarnacion",21871,666464
"Kristian Campbell","BOS",67,229,263,51,35,10,0,6,24,21,29,0,72,4,1,0,1,2,1,0.222707423,"Kristian Campbell",33644,692225
"Joey Wendle","NYM",18,36,37,8,7,1,0,0,3,1,1,0,9,0,0,0,0,1,0,0.222222222,"Joey Wendle",13853,621563
"Gabriel Arias","CLE",216,684,737,152,94,36,3,19,70,79,39,2,260,8,5,1,12,16,6,0.222222222,"Gabriel Arias",22563,672356
"Aaron Schunk","COL",55,126,131,28,22,4,0,2,15,7,4,1,41,0,0,1,1,0,1,0.222222222,"Aaron Schunk",25524,668845
"Ke'Bryan Hayes","- - -",296,1022,1105,227,185,27,4,11,99,79,67,2,208,10,5,1,30,24,5,0.222113502,"Ke'Bryan Hayes",18577,663647
"Tyler O'Neill","- - -",227,748,859,166,89,30,1,46,117,100,94,6,261,12,5,0,17,9,0,0.221925133,"Tyler O'Neill",15711,641933
"Triston Casas","BOS",92,311,355,69,42,11,0,16,33,43,41,6,104,3,0,0,9,0,1,0.221864951,"Triston Casas",22514,671213
"Whit Merrifield","- - -",95,293,335,65,49,9,3,4,44,15,35,0,52,3,0,4,7,17,3,0.221843003,"Whit Merrifield",11281,593160
"Jac Caglianone","KCR",155,541,593,120,71,23,3,23,65,55,43,0,155,8,1,0,8,4,1,0.22181146,"Jac Caglianone",35041,695506
"Michael Conforto","- - -",332,1001,1139,222,122,57,3,40,130,124,117,2,288,14,7,0,31,2,1,0.221778221,"Michael Conforto",16376,624424
"Sam Haggerty","- - -",108,221,245,49,36,8,3,2,35,15,19,1,57,3,0,1,2,15,4,0.221719457,"Sam Haggerty",18054,664059
"Darell Hernaiz","OAK",146,411,466,91,75,11,1,4,37,35,41,0,74,2,7,5,7,7,5,0.221411192,"Darell Hernaiz",26224,687231
"Jarred Kelenic","- - -",181,533,583,118,76,22,2,18,61,51,45,1,181,1,3,1,6,7,4,0.221388367,"Jarred Kelenic",22558,672284
"Alex Freeland","LAD",99,276,317,61,46,9,1,5,34,25,33,0,101,2,2,4,8,3,0,0.221014492,"Alex Freeland",31665,690976
"Jacob Stallings","- - -",125,362,410,80,49,21,1,9,36,45,33,1,105,12,1,2,15,0,0,0.220994475,"Jacob Stallings",13723,607732
"Cal Raleigh","SEA",380,1394,1625,308,158,47,0,103,206,254,203,21,457,16,12,0,18,22,6,0.220946915,"Cal Raleigh",21534,663728
"Sebastián Rivero","LAA",35,86,91,19,15,4,0,0,9,10,4,0,21,0,0,1,1,1,0,0.220930232,"Sebastian Rivero",21735,665861
"Jorbit Vivas","- - -",102,240,280,53,39,10,0,4,27,22,25,0,40,7,3,2,3,0,1,0.220833333,"Jorbit Vivas",23917,678391
"Colton Cowser","BAL",332,1037,1163,229,137,41,3,48,141,136,106,3,372,14,5,1,16,28,6,0.220829315,"Colton Cowser",29591,681297
"Miguel Vargas","- - -",307,1065,1228,235,130,60,3,42,168,135,137,2,227,15,10,0,19,20,3,0.220657276,"Miguel Vargas",20178,678246
"Anthony Santander","- - -",209,789,886,174,92,30,2,50,107,120,83,4,190,8,6,0,15,2,0,0.220532319,"Anthony Santander",14551,623993
"Oscar Gonzalez","SDP",21,59,61,13,12,1,0,0,2,4,2,0,13,0,0,0,1,0,1,0.220338983,"Oscar Gonzalez",20970,660757
"Adolis García","- - -",356,1318,1443,290,175,63,1,51,147,181,94,3,396,15,16,0,23,27,9,0.220030349,"Adolis Garcia",19287,666969
"Samuel Basallo","BAL",117,391,429,86,50,15,1,20,44,61,32,2,112,4,2,0,9,0,0,0.219948849,"Samuel Basallo",28824,694212
"Patrick Bailey","- - -",323,996,1102,219,158,39,5,17,109,116,82,0,286,3,14,7,23,7,0,0.219879518,"Patrick Bailey",27478,672275
"Travis d'Arnaud","- - -",182,555,612,122,70,30,0,22,61,72,40,0,170,12,5,0,14,1,0,0.219819819,"Travis d'Arnaud",7739,518595
"Max Muncy","ATH",109,360,395,79,49,14,2,14,41,43,24,0,126,7,4,0,5,4,3,0.219444444,"Max Muncy",29779,691777
"Nick Ahmed","- - -",76,219,238,48,39,6,1,2,21,17,12,0,54,1,3,3,7,3,1,0.219178082,"Nick Ahmed",12147,605113
"Jonah Heim","- - -",308,1027,1113,225,156,35,1,33,103,132,71,0,215,6,8,1,26,4,1,0.219084712,"Jonah Heim",16930,641680
"Eric Haase","- - -",89,210,230,46,28,7,0,11,29,32,13,0,87,3,0,4,2,0,0,0.219047619,"Eric Haase",14111,606992
"Hunter Renfroe","KCR",155,484,532,106,67,24,0,15,49,56,44,0,105,2,2,0,14,1,1,0.219008264,"Hunter Renfroe",15464,592669
"Tristan Gray","- - -",108,274,299,60,42,11,0,7,25,38,18,0,92,1,4,2,2,2,0,0.218978102,"Tristan Gray",19877,656484
"Michael Stefanic","- - -",51,137,154,30,26,4,0,0,10,8,13,0,24,3,0,1,5,0,0,0.218978102,"Michael Stefanic",25353,683021
"Cedric Mullins","- - -",365,1165,1324,255,161,43,5,46,159,143,119,0,286,14,10,9,6,69,16,0.21888412,"Cedric Mullins",17929,656775
"Anthony Rendon","LAA",57,206,238,45,35,10,0,0,21,14,23,0,35,5,4,0,4,6,1,0.218446601,"Anthony Rendon",12861,543685
"Ryan Ward","LAD",20,55,60,12,5,4,0,3,8,12,5,0,17,0,0,0,2,0,0,0.218181818,"Ryan Ward",27449,669899
"Drew Gilbert","SFG",116,298,334,65,40,15,3,7,34,33,26,2,57,6,2,2,7,1,4,0.218120805,"Drew Gilbert",31545,687551
"George Valera","CLE",29,78,86,17,10,5,0,2,8,11,8,0,21,0,0,0,2,0,0,0.217948717,"George Valera",22541,671655
"Connor Joe","- - -",186,473,541,103,64,28,1,10,53,43,57,1,126,7,4,0,10,6,4,0.217758985,"Connor Joe",16572,656582
"Nick Martini","- - -",95,248,274,54,38,8,2,6,32,28,18,1,56,4,3,0,2,1,3,0.217741935,"Nick Martini",12005,605361
"Nolan Jones","- - -",215,611,700,133,95,27,3,8,62,62,75,3,204,6,6,2,13,13,7,0.217675941,"Nolan Jones",20529,666134
"Jonathan Ornelas","- - -",24,46,50,10,8,2,0,0,2,3,3,0,16,0,0,1,0,0,0,0.217391304,"Jonathan Ornelas",24597,680716
"Nathan Church","STL",107,304,330,66,46,10,1,9,39,36,16,0,74,5,3,2,4,6,3,0.217105263,"Nathan Church",31357,701675
"Orlando Arcia","- - -",252,802,866,174,120,32,1,21,69,61,53,1,183,2,8,1,23,2,2,0.216957605,"Orlando Arcia",13185,606115
"Luis Matos","- - -",111,342,361,74,46,14,1,13,41,47,17,1,58,0,2,0,11,4,0,0.216374269,"Luis Matos",26467,682641
"Brett Sullivan","- - -",60,148,163,32,18,8,1,5,15,19,9,0,32,2,3,1,3,0,1,0.216216216,"Brett Sullivan",18217,664954
"Corey Julks","CHW",72,185,202,40,28,9,0,3,19,15,15,0,53,0,2,0,6,5,2,0.216216216,"Corey Julks",20311,667452
"Otto Kemp","PHI",75,222,245,48,29,11,0,8,26,28,13,0,77,8,2,0,4,2,2,0.216216216,"Otto Kemp",31792,805249
"Colby Thomas","ATH",98,222,239,48,30,8,0,10,31,30,11,0,81,1,3,2,5,3,2,0.216216216,"Colby Thomas",31855,687515
"Nick Allen","- - -",225,560,624,121,101,18,0,2,52,36,42,0,142,4,5,13,10,10,7,0.216071428,"Nick Allen",22277,669397
"Heston Kjerstad","BAL",93,255,281,55,38,7,2,8,24,33,16,2,78,9,1,0,9,2,0,0.215686274,"Heston Kjerstad",31166,677008
"Ronny Mauricio","NYM",78,218,234,47,33,7,0,7,23,12,15,1,72,1,0,0,6,4,0,0.21559633,"Ronny Mauricio",23698,677595
"Nacho Alvarez Jr.","ATL",66,218,240,47,33,12,0,2,19,15,12,0,59,7,1,2,2,0,0,0.21559633,"Nacho Alvarez Jr.",31765,805373
"Austin Slater","- - -",177,390,446,84,63,13,1,7,52,34,45,0,132,5,5,1,12,8,2,0.215384615,"Austin Slater",16153,596103
"Ha-Seong Kim","- - -",196,647,743,139,100,20,3,16,83,67,83,4,138,4,5,4,11,29,7,0.214837712,"Ha-Seong Kim",27506,673490
"Matt Wallner","MIN",213,676,788,145,66,36,4,39,87,87,80,0,262,29,3,0,7,7,4,0.214497041,"Matt Wallner",26466,670242
"René Pinto","TBR",19,42,49,9,4,3,0,2,5,6,4,0,18,1,1,1,0,0,0,0.214285714,"Rene Pinto",19859,650907
"Ryan McKenna","- - -",13,14,15,3,1,0,0,2,4,2,1,0,5,0,0,0,0,1,1,0.214285714,"Ryan McKenna",19928,663630
"César Salazar","HOU",32,56,70,12,10,2,0,0,5,10,7,0,11,4,2,1,1,0,0,0.214285714,"Cesar Salazar",21587,663967
"Austin Shenton","TBR",19,42,50,9,3,5,0,1,3,3,8,0,14,0,0,0,1,0,0,0.214285714,"Austin Shenton",25425,668853
"Nick Yorke","PIT",60,182,200,39,29,6,0,4,17,19,14,0,44,2,2,0,4,3,0,0.214285714,"Nick Yorke",27504,694377
"Tanner Murray","CHW",13,28,33,6,5,0,0,1,2,3,2,1,7,1,1,1,0,0,0,0.214285714,"Tanner Murray",28848,695020
"Denzel Clarke","ATH",69,201,219,43,29,9,2,3,22,14,10,0,85,3,0,5,2,8,0,0.213930348,"Denzel Clarke",29858,672016
"Max Schuemann","- - -",268,636,743,136,100,23,2,11,92,53,80,0,171,14,5,8,14,24,4,0.213836477,"Max Schuemann",24488,680474
"CJ Kayfus","CLE",53,145,163,31,14,11,1,5,20,21,13,0,46,3,1,1,0,4,0,0.213793103,"CJ Kayfus",33704,692216
"Korey Lee","CHW",151,412,434,88,57,17,1,13,46,40,21,0,129,0,0,1,13,6,3,0.213592233,"Korey Lee",25543,686676
"Nick Loftin","KCR",186,503,576,107,67,28,3,9,59,63,54,0,80,9,7,3,17,3,1,0.212723658,"Nick Loftin",27630,679845
"Reese McGuire","- - -",109,301,332,64,47,5,0,12,28,45,19,0,75,4,5,3,7,3,0,0.212624584,"Reese McGuire",15674,624512
"Enmanuel Valdez","- - -",107,292,325,62,36,16,2,8,30,40,28,0,69,0,4,1,6,1,1,0.212328767,"Enmanuel Valdez",21716,665839
"Josh Rojas","- - -",229,650,727,138,95,30,2,11,66,47,66,1,165,3,4,2,12,14,5,0.212307692,"Josh Rojas",19734,668942
"Tyler Wade","SDP",150,245,283,52,46,4,2,0,41,17,26,0,60,3,0,8,0,9,3,0.212244897,"Tyler Wade",15730,642180
"Rhys Hoskins","- - -",299,948,1114,201,114,39,1,47,117,156,133,3,326,15,16,0,20,6,1,0.212025316,"Rhys Hoskins",16472,656555
"J.D. Davis","- - -",51,151,166,32,23,5,0,4,13,6,12,0,42,3,0,0,5,0,0,0.211920529,"J.D. Davis",16219,605204
"Robbie Grossman","- - -",87,208,245,44,33,8,0,3,21,16,34,0,58,1,2,0,8,3,0,0.211538461,"Robbie Grossman",5254,543257
"David Hensley","MIA",23,52,58,11,9,1,0,1,9,4,6,0,17,0,0,0,0,1,0,0.211538461,"David Hensley",25111,682073
"Stuart Fairchild","- - -",136,279,315,59,38,12,1,8,43,33,28,0,89,5,1,2,3,17,2,0.211469534,"Stuart Fairchild",20321,656413
"Edouard Julien","- - -",239,667,764,141,99,27,1,14,83,53,90,0,228,5,1,1,11,11,6,0.211394302,"Edouard Julien",27534,666397
"Tim Anderson","- - -",96,317,331,67,61,6,0,0,24,12,10,0,97,3,0,1,7,5,5,0.211356466,"Tim Anderson",15172,641313
"Christian Vázquez","- - -",219,659,723,139,101,23,0,15,61,63,43,1,133,5,7,9,16,5,2,0.210925644,"Christian Vazquez",9774,543877
"Matt Thaiss","- - -",117,313,376,66,47,15,1,3,30,32,57,0,104,3,2,1,4,4,1,0.210862619,"Matt Thaiss",19318,642136
"Dylan Crews","WSN",166,598,658,126,84,19,3,20,84,55,47,0,147,12,1,0,11,35,8,0.210702341,"Dylan Crews",33541,686611
"Chas McCormick","HOU",160,342,383,72,54,11,1,6,45,32,26,0,103,5,4,6,4,10,5,0.210526315,"Chas McCormick",19599,676801
"Marco Luciano","SFG",27,76,81,16,10,5,1,0,10,3,5,0,28,0,0,0,1,0,1,0.210526315,"Marco Luciano",25616,682617
"Joshua Palacios","- - -",74,195,223,41,30,6,0,5,21,18,22,0,48,5,0,1,1,1,0,0.21025641,"Joshua Palacios",19818,641943
"Taylor Trammell","- - -",107,238,268,50,31,12,1,6,31,23,27,0,86,1,1,1,0,4,2,0.210084033,"Taylor Trammell",19960,666211
"Daniel Schneemann","CLE",284,814,908,171,106,39,3,23,92,91,86,1,265,3,4,1,10,17,7,0.21007371,"Daniel Schneemann",25180,682177
"Justin Foscue","TEX",68,162,177,34,18,9,0,7,18,22,12,0,51,2,1,0,3,0,0,0.209876543,"Justin Foscue",27501,679822
"Matt McLain","CIN",230,778,886,163,109,31,0,23,105,75,91,0,250,8,4,5,11,29,4,0.209511568,"Matt McLain",29695,680574
"Evan Carter","TEX",189,568,656,119,73,22,6,18,87,64,68,1,150,13,2,5,4,27,3,0.209507042,"Evan Carter",27790,694497
"Trey Cabbage","HOU",45,86,91,18,9,8,0,1,12,8,4,0,34,1,0,0,1,1,1,0.209302325,"Trey Cabbage",21078,663550
"Victor Mesa Jr.","- - -",52,129,150,27,15,4,0,8,22,20,18,0,30,0,1,2,1,3,2,0.209302325,"Victor Mesa Jr.",25999,683748
"Justyn-Henry Malloy","DET",123,306,357,64,41,13,1,9,33,38,43,0,117,4,4,0,3,1,1,0.209150326,"Justyn-Henry Malloy",29606,669234
"Zach DeLoach","CHW",22,67,75,14,8,5,0,1,10,5,8,0,21,0,0,0,0,0,1,0.208955223,"Zach DeLoach",27471,676113
"Austin Wells","NYY",309,953,1088,199,115,42,2,40,112,139,103,2,267,10,19,2,25,7,3,0.20881427,"Austin Wells",27562,669224
"Christian Bethancourt","- - -",62,139,147,29,17,7,0,5,18,22,5,0,36,1,0,2,2,3,0,0.208633093,"Christian Bethancourt",10028,542194
"Travis Jankowski","- - -",130,235,257,49,41,7,0,1,27,14,15,0,56,5,1,1,3,13,1,0.208510638,"Travis Jankowski",13768,608671
"Taylor Walls","TBR",264,734,846,153,111,31,6,5,99,73,89,0,205,2,12,9,7,45,13,0.208446866,"Taylor Walls",22458,670764
"Mitch Haniger","SEA",121,380,423,79,55,12,0,12,42,44,40,0,126,2,1,0,10,0,0,0.207894736,"Mitch Haniger",14274,571745
"Dominic Fletcher","CHW",84,255,275,53,38,13,0,2,19,19,13,1,60,3,1,2,6,1,0,0.207843137,"Dominic Fletcher",26149,666150
"Nelson Velázquez","- - -",89,265,298,55,31,11,1,12,41,39,25,0,80,4,4,0,6,2,0,0.207547169,"Nelson Velazquez",23359,676369
"Ryan Bliss","SEA",47,106,120,22,14,4,1,3,11,13,10,0,36,1,1,2,3,7,5,0.207547169,"Ryan Bliss",29547,669208
"Leo Jiménez","- - -",125,323,375,67,45,15,0,7,34,29,25,0,93,22,4,1,11,1,0,0.20743034,"Leo Jimenez",23782,677870
"David Dahl","PHI",19,58,62,12,7,2,0,3,6,8,3,0,21,0,1,0,0,0,0,0.206896551,"David Dahl",13744,621311
"Garrett Hampson","- - -",175,290,322,60,44,15,1,0,35,17,25,0,88,0,2,5,5,10,3,0.206896551,"Garrett Hampson",19262,641658
"Ben Rortvedt","- - -",156,402,456,83,63,16,0,4,36,41,45,0,111,6,0,3,7,1,0,0.206467661,"Ben Rortvedt",20287,666163
"Tim Tawa","ARI",116,291,332,60,35,14,0,11,39,34,30,0,88,1,4,6,8,10,5,0.206185567,"Tim Tawa",29571,694374
"Trey Lipscomb","WSN",64,194,215,40,36,3,0,1,21,10,16,0,41,2,1,1,7,11,2,0.206185567,"Trey Lipscomb",31567,702358
"Braxton Fulford","COL",75,165,186,34,21,9,2,2,23,23,13,0,63,3,5,0,1,5,0,0.206060606,"Braxton Fulford",29704,690924
"Michael Toglia","COL",204,705,795,145,76,29,4,36,84,87,82,4,279,2,5,0,14,13,1,0.205673758,"Michael Toglia",25845,669911
"Garrett Cooper","- - -",36,107,116,22,15,5,1,1,6,11,7,0,35,2,0,0,3,0,0,0.205607476,"Garrett Cooper",15279,643265
"Kameron Misner","- - -",97,253,276,52,36,10,1,5,29,26,18,0,96,1,2,2,1,11,2,0.205533596,"Kameron Misner",26374,670224
"Petey Halpin","CLE",39,73,79,15,12,2,1,0,14,1,4,0,23,0,0,2,1,4,0,0.205479452,"Petey Halpin",27931,690984
"Elehuris Montero","COL",67,224,247,46,32,10,0,4,23,28,20,0,56,0,3,0,7,0,0,0.205357142,"Elehuris Montero",20543,660707
"Bob Seymour","TBR",26,78,83,16,13,1,1,1,9,5,4,0,32,1,0,0,0,1,0,0.205128205,"Bob Seymour",30028,676044
"Miguel Sanó","LAA",28,83,95,17,12,3,0,2,9,6,9,0,36,2,1,0,2,0,0,0.204819277,"Miguel Sano",12164,593934
"Andrés Chaparro","WSN",100,249,280,51,26,17,0,8,29,35,24,0,65,6,1,0,5,1,1,0.204819277,"Andres Chaparro",21797,665953
"Oswald Peraza","- - -",196,518,558,106,74,17,2,13,52,45,28,0,166,8,2,1,12,21,2,0.204633204,"Oswald Peraza",22823,672724
"Tyler Nevin","OAK",87,245,278,50,33,10,0,7,22,20,25,0,64,5,3,0,5,1,0,0.204081632,"Tyler Nevin",17893,663527
"Zach Cole","HOU",34,98,105,20,10,3,0,7,13,19,6,0,41,1,0,0,0,3,0,0.204081632,"Zach Cole",31583,805904
"Dylan Carlson","- - -",182,456,510,93,67,16,1,9,37,45,43,0,131,7,4,0,5,5,4,0.203947368,"Dylan Carlson",20126,666185
"Jeimer Candelario","- - -",141,525,574,107,56,27,2,22,53,66,37,1,151,7,5,0,9,4,4,0.203809523,"Jeimer Candelario",13621,600869
"Maximo Acosta","MIA",19,54,61,11,7,1,0,3,7,5,6,0,17,1,0,0,0,1,2,0.203703703,"Maximo Acosta",27963,691185
"Hunter Feduccia","- - -",97,226,263,46,33,10,1,2,20,20,31,0,73,1,3,2,2,1,0,0.203539823,"Hunter Feduccia",23372,676439
"Kris Bryant","COL",48,172,196,35,26,7,0,2,11,16,15,0,61,8,1,0,7,0,0,0.203488372,"Kris Bryant",15429,592178
"Victor Scott II","STL",252,698,802,142,104,28,1,9,87,56,64,0,197,14,6,20,6,48,9,0.203438395,"Victor Scott II",31349,687363
"Danny Jansen","- - -",233,689,803,140,83,30,1,26,84,72,95,0,187,12,5,2,14,1,1,0.203193033,"Danny Jansen",16535,643376
"Luken Baker","- - -",43,79,95,16,9,4,1,2,6,12,14,0,24,0,2,0,4,1,0,0.202531645,"Luken Baker",21497,663609
"Garrett Stubbs","PHI",81,193,220,39,33,4,1,1,27,13,18,0,56,6,2,0,0,5,0,0.202072538,"Garrett Stubbs",18067,596117
"Trey Sweeney","DET",154,406,445,82,59,11,2,10,47,49,33,0,124,1,5,0,5,5,1,0.201970443,"Trey Sweeney",29575,700242
"Gustavo Campero","LAA",41,104,114,21,15,1,1,4,15,14,5,0,22,5,0,0,2,7,1,0.201923076,"Gustavo Campero",22707,672569
"Nolan Gorman","STL",280,917,1033,185,111,33,1,40,109,122,106,5,361,1,9,0,4,7,3,0.20174482,"Nolan Gorman",22263,669357
"Jose Herrera","ARI",100,263,318,53,39,10,1,3,32,30,32,0,74,1,4,18,3,0,0,0.201520912,"Jose Herrera",17040,645444
"Braden Shewmake","- - -",63,149,158,30,19,7,0,4,16,14,3,0,26,0,4,2,2,6,1,0.201342281,"Braden Shewmake",25817,669699
"Jason Heyward","- - -",121,313,353,63,35,14,2,12,42,49,28,2,73,4,6,0,4,5,1,0.201277955,"Jason Heyward",4940,518792
"Alex Kirilloff","MIN",57,159,178,32,16,8,3,5,20,20,15,0,47,1,3,0,5,0,0,0.201257861,"Alex Kirilloff",20325,666135
"Christopher Morel","- - -",279,881,989,177,112,30,3,32,96,94,90,3,296,13,5,0,23,16,9,0.200908059,"Christopher Morel",21897,666624
"Will Benson","CIN",269,669,755,134,70,30,5,29,83,90,72,2,259,4,8,1,7,19,10,0.200298953,"Will Benson",21853,666181
"Billy McKinney","- - -",16,45,49,9,7,2,0,0,8,3,3,0,14,1,0,0,1,0,0,0.2,"Billy McKinney",15654,641856
"Jason Delay","PIT",7,15,19,3,0,3,0,0,1,6,3,0,0,0,0,1,0,0,0,0.2,"Jason Delay",19806,641511
"Cristian Pache","- - -",88,165,183,33,23,8,1,1,13,16,17,0,64,0,1,0,2,1,0,0.2,"Cristian Pache",19948,665506
"Coco Montes","TBR",5,10,10,2,2,0,0,0,0,1,0,0,3,0,0,0,0,0,0,0.2,"Coco Montes",21547,663796
"Jordyn Adams","- - -",21,40,43,8,7,0,0,1,5,4,3,0,14,0,0,0,1,2,0,0.2,"Jordyn Adams",23788,677941
"Liover Peguero","PIT",36,90,98,18,12,2,0,4,9,10,6,0,28,2,0,0,3,4,0,0.2,"Liover Peguero",24273,678894
"J.P. Martínez","ATL",7,10,10,2,1,1,0,0,2,0,0,0,4,0,0,0,0,1,0,0.2,"J.P. Martinez",24451,679881
"Blaine Crim","- - -",20,65,74,13,6,2,0,5,10,12,6,0,28,1,2,0,0,0,0,0.2,"Blaine Crim",25714,688760
"Duke Ellis","- - -",11,5,5,1,1,0,0,0,1,0,0,0,2,0,0,0,0,5,0,0.2,"Duke Ellis",27543,668752
"Coby Mayo","BAL",179,536,595,107,62,21,0,24,66,63,50,0,190,8,1,0,6,5,0,0.199626865,"Coby Mayo",28312,691723
"Christian Encarnacion-Strand","- - -",66,251,265,50,32,10,0,8,26,35,7,0,68,3,4,0,5,0,2,0.199203187,"Christian Encarnacion-Strand",30011,687952
"Daz Cameron","- - -",87,211,228,42,29,6,1,6,29,18,14,0,64,1,2,0,4,6,0,0.199052132,"Daz Cameron",18353,663662
"Luis Guillorme","- - -",91,181,208,36,26,9,1,0,16,10,24,0,44,0,2,1,9,4,2,0.198895027,"Luis Guillorme",16451,641645
"John Rave","KCR",81,171,196,34,21,7,1,5,21,15,21,0,53,1,1,2,1,7,2,0.198830409,"John Rave",26284,670231
"Leo Rivas","SEA",129,262,317,52,43,5,2,2,38,24,45,0,84,5,1,4,3,11,0,0.198473282,"Leo Rivas",21009,660844
"Bryan Ramos","CHW",36,111,120,22,13,6,0,3,14,13,7,0,26,0,1,0,3,0,2,0.198198198,"Bryan Ramos",25621,682868
"Bryce Teodosio","LAA",89,197,213,39,27,9,2,1,18,9,8,0,70,4,2,2,3,11,2,0.197969543,"Bryce Teodosio",29524,669326
"Riley Adams","WSN",124,379,416,75,51,13,1,10,39,32,28,1,145,7,2,0,10,2,0,0.197889182,"Riley Adams",19864,656180
"Christian Moore","LAA",59,182,206,36,23,5,1,7,20,17,20,0,73,1,2,1,3,3,1,0.197802197,"Christian Moore",34979,695681
"Davis Schneider","TOR",266,683,799,135,78,29,1,27,97,89,101,0,243,7,7,1,7,10,1,0.197657393,"Davis Schneider",23565,676914
"Oliver Dunn","- - -",64,142,157,28,21,4,2,1,19,14,9,0,54,2,1,3,1,4,0,0.197183098,"Oliver Dunn",26295,686554
"Graham Pauley","- - -",112,284,313,56,31,17,1,7,31,27,26,0,74,0,1,2,5,3,1,0.197183098,"Graham Pauley",31363,688363
"Dylan Moore","- - -",256,599,699,118,65,28,4,21,91,67,76,1,211,15,8,1,9,47,11,0.196994991,"Dylan Moore",18042,664238
"Danny Mendick","CHW",47,132,141,26,16,7,0,3,13,8,6,0,35,2,0,1,3,6,0,0.196969696,"Danny Mendick",18889,664901
"Kevin Kiermaier","- - -",116,259,281,51,34,9,3,5,31,26,12,0,86,2,1,7,4,6,2,0.196911196,"Kevin Kiermaier",11038,595281
"Michael A. Taylor","- - -",247,564,625,111,66,29,2,14,68,56,46,1,215,1,6,8,10,20,4,0.19680851,"Michael A. Taylor",11489,572191
"Austin Hedges","CLE",186,417,473,82,59,13,0,10,42,39,35,0,118,5,5,11,7,4,3,0.196642685,"Austin Hedges",12976,595978
"Chris Taylor","- - -",145,326,371,64,43,14,1,6,43,35,33,0,118,8,3,1,6,7,3,0.196319018,"Chris Taylor",13757,621035
"Ryan Kreidler","- - -",107,235,260,46,34,4,2,6,35,26,22,0,68,1,0,2,8,7,6,0.19574468,"Ryan Kreidler",25867,668952
"Ryan Fitzgerald","MIN",24,46,53,9,5,0,0,4,10,9,7,0,8,0,0,0,0,1,0,0.195652173,"Ryan Fitzgerald",24622,680837
"J.C. Escarra","NYY",72,169,190,33,20,10,1,2,13,18,17,0,32,1,3,0,2,1,0,0.195266272,"J.C. Escarra",20084,641555
"Matt Gorski","PIT",15,41,42,8,5,0,1,2,2,4,1,0,16,0,0,0,1,0,1,0.195121951,"Matt Gorski",25855,685301
"Nick Senzel","- - -",74,236,267,46,28,11,0,7,25,18,28,1,61,1,0,1,6,1,3,0.194915254,"Nick Senzel",19293,669222
"Colt Emerson","SEA",48,154,171,30,17,5,1,7,17,20,13,0,58,2,1,1,2,3,1,0.194805194,"Colt Emerson",33575,806068
"Luke Maile","- - -",83,190,219,37,27,6,0,4,16,17,21,0,71,4,1,3,5,3,0,0.194736842,"Luke Maile",13355,571912
"Curt Casali","SFG",41,108,125,21,17,3,0,1,12,8,13,0,22,2,0,2,3,0,0,0.194444444,"Curt Casali",12510,592200
"Alan Roden","- - -",63,155,174,30,21,6,1,2,17,12,10,0,41,6,3,0,0,1,1,0.193548387,"Alan Roden",31564,702176
"Sean Murphy","ATL",170,538,615,104,59,18,1,26,54,70,62,2,178,11,4,0,17,0,0,0.19330855,"Sean Murphy",19352,669221
"Will Wilson","- - -",36,83,97,16,11,4,0,1,8,4,8,0,35,1,0,5,1,2,0,0.192771084,"Will Wilson",25434,669717
"Jhonkensy Noel","CLE",136,327,351,63,34,9,1,19,44,41,17,0,115,5,2,0,5,0,0,0.19266055,"Jhonkensy Noel",24257,678877
"Ehire Adrianza","LAA",8,26,28,5,3,1,0,1,4,2,2,0,11,0,0,0,1,0,0,0.192307692,"Ehire Adrianza",8418,501303
"Brett Harris","- - -",74,182,216,35,24,8,0,3,26,17,25,0,48,6,2,1,5,1,3,0.192307692,"Brett Harris",29788,695391
"Brice Matthews","HOU",95,250,273,48,31,5,1,11,29,31,17,0,91,1,1,4,3,5,4,0.192,"Brice Matthews",33280,694728
"Bo Naylor","CLE",274,797,893,153,87,34,3,29,89,93,80,1,242,3,8,5,9,7,5,0.191969887,"Bo Naylor",21865,666310
"Andrew Knizner","- - -",70,167,181,32,27,2,1,2,17,14,8,0,32,3,2,1,2,0,0,0.191616766,"Andrew Knizner",19514,668800
"Jose Siri","- - -",193,523,584,100,55,21,1,23,75,66,41,0,215,9,5,4,8,17,8,0.191204588,"Jose Siri",17452,642350
"Bryan Torres","STL",33,68,74,13,7,0,2,4,9,8,5,0,16,0,0,1,0,1,0,0.19117647,"Bryan Torres",21464,663494
"MJ Melendez","- - -",214,592,660,113,57,30,4,22,63,56,55,1,186,10,1,1,3,4,5,0.190878378,"MJ Melendez",22197,669004
"Rafael Marchán","PHI",90,241,263,46,31,8,0,7,22,25,15,0,39,4,1,2,4,0,0,0.190871369,"Rafael Marchan",21646,665561
"Cavan Biggio","- - -",115,257,307,49,36,7,0,6,36,23,35,0,93,9,0,4,1,3,0,0.190661478,"Cavan Biggio",19252,624415
"Charles Leblanc","LAA",11,21,28,4,2,0,0,2,6,6,7,0,9,0,0,0,0,0,0,0.19047619,"Charles Leblanc",19813,641779
"Jhostynxon Garcia","- - -",18,42,46,8,6,2,0,0,2,2,3,0,15,1,0,0,1,0,0,0.19047619,"Jhostynxon Garcia",28142,691373
"Jake Rogers","DET",185,520,582,99,56,23,4,16,68,64,49,1,168,5,6,2,9,2,0,0.190384615,"Jake Rogers",19452,668670
"Ali Sánchez","- - -",63,142,157,27,21,6,0,0,9,8,5,0,40,2,2,6,4,2,1,0.190140845,"Ali Sanchez",18551,645305
"Alex Jackson","- - -",117,285,312,54,27,18,0,9,40,24,17,0,106,8,1,1,4,1,0,0.189473684,"Alex Jackson",17276,656577
"Jace Jung","DET",58,132,157,25,20,5,0,0,23,6,24,0,46,1,0,0,5,0,1,0.189393939,"Jace Jung",31437,690291
"Yuli Gurriel","- - -",34,90,105,17,13,4,0,0,9,9,13,0,23,0,2,0,1,1,0,0.188888888,"Yuli Gurriel",19198,493329
"Pablo Reyes","- - -",47,91,98,17,14,3,0,0,9,7,5,0,29,1,0,1,1,2,2,0.186813186,"Pablo Reyes",16357,622569
"Everson Pereira","- - -",44,134,150,25,15,5,0,5,14,15,12,0,51,2,2,0,4,3,0,0.186567164,"Everson Pereira",23695,677592
"Mitch Garver","SEA",246,735,855,137,83,25,1,28,83,95,103,1,256,11,6,0,17,3,0,0.186394557,"Mitch Garver",15161,641598
"Mickey Gasper","- - -",92,220,252,41,32,6,1,2,27,18,23,0,49,5,2,2,4,2,1,0.186363636,"Mickey Gasper",24759,681508
"Willie MacIver","ATH",33,102,111,19,11,5,0,3,7,9,7,0,27,2,0,0,1,3,0,0.186274509,"Willie MacIver",24641,680862
"Daniel Vogelbach","TOR",31,70,79,13,7,5,0,1,5,8,9,0,17,0,0,0,4,0,0,0.185714285,"Daniel Vogelbach",14130,596129
"Austin Nola","COL",15,38,41,7,6,1,0,0,2,1,2,0,5,0,0,1,2,0,0,0.184210526,"Austin Nola",15941,543592
"Mason McCoy","SDP",37,71,83,13,10,3,0,0,12,4,8,0,26,1,0,3,2,3,0,0.183098591,"Mason McCoy",22232,669200
"Sam Huff","- - -",33,82,89,15,10,3,0,2,6,5,6,0,41,0,1,0,2,0,0,0.182926829,"Sam Huff",22209,669087
"Logan Porter","- - -",8,11,15,2,1,1,0,0,4,1,3,0,4,1,0,0,0,0,0,0.181818181,"Logan Porter",20626,682515
"Adam Duvall","ATL",104,303,330,55,34,10,0,11,29,30,21,0,99,5,1,0,6,0,0,0.181518151,"Adam Duvall",10950,594807
"Grant McCray","SFG",63,149,160,27,16,3,3,5,18,12,8,0,69,0,1,2,4,7,0,0.181208053,"Grant McCray",25690,687529
"Tucker Barnhart","- - -",39,94,111,17,14,3,0,0,13,6,14,0,35,1,0,2,2,1,0,0.180851063,"Tucker Barnhart",10200,571466
"Cole Tucker","LAA",25,50,57,9,4,4,1,0,3,3,6,0,17,0,1,0,0,3,1,0.18,"Cole Tucker",17326,657061
"Jason Vosler","SEA",10,28,30,5,3,1,1,0,2,3,2,0,9,0,0,0,0,0,0,0.178571428,"Jason Vosler",16686,613564
"Sean Bouchard","COL",63,157,181,28,18,7,1,2,21,15,19,0,60,2,2,1,2,5,1,0.178343949,"Sean Bouchard",21270,656248
"Keston Hiura","- - -",18,45,48,8,7,1,0,0,4,2,0,0,17,3,0,0,0,0,1,0.177777777,"Keston Hiura",20003,669374
"DJ Stewart","NYM",74,158,194,28,19,4,0,5,16,19,31,0,48,4,1,0,5,1,0,0.177215189,"DJ Stewart",17766,621466
"Daniel Johnson","- - -",40,68,75,12,8,3,0,1,15,1,6,0,16,1,0,0,1,2,1,0.176470588,"Daniel Johnson",19643,669288
"Juan Brito","CLE",15,51,56,9,5,4,0,0,7,3,4,0,17,1,0,0,1,0,0,0.176470588,"Juan Brito",26693,682877
"Sean Keys","TOR",11,34,35,6,4,1,0,1,5,5,1,0,13,0,0,0,0,0,0,0.176470588,"Sean Keys",35094,815873
"Adael Amador","COL",51,148,164,26,17,8,0,1,6,10,12,0,33,1,0,3,3,2,1,0.175675675,"Adael Amador",27962,691182
"Eddie Rosario","- - -",96,305,327,53,31,12,0,10,34,35,16,0,79,0,4,2,4,9,1,0.173770491,"Eddie Rosario",12155,592696
"Estevan Florial","CLE",36,98,111,17,6,6,2,3,11,11,11,0,41,1,0,1,2,2,1,0.173469387,"Estevan Florial",19151,664314
"Hayden Senger","NYM",40,87,95,15,13,1,0,1,10,6,3,0,26,1,1,3,3,0,0,0.172413793,"Hayden Senger",21489,663584
"Luis De Los Santos","TOR",13,29,31,5,3,2,0,0,2,1,2,0,10,0,0,0,2,0,0,0.172413793,"Luis De Los Santos",21682,665782
"Carson McCusker","MIN",16,29,30,5,5,0,0,0,0,1,1,0,16,0,0,0,0,0,1,0.172413793,"Carson McCusker",33098,676812
"Tyler Locklear","- - -",48,151,169,26,20,1,0,5,15,10,14,0,63,4,0,0,7,4,1,0.17218543,"Tyler Locklear",31396,682988
"Logan Driscoll","TBR",15,35,37,6,5,0,0,1,2,5,1,0,6,0,1,0,0,0,0,0.171428571,"Logan Driscoll",25475,686482
"Owen Miller","- - -",23,41,44,7,6,1,0,0,2,4,2,0,12,1,0,0,1,1,0,0.170731707,"Owen Miller",24655,680911
"Kyren Paris","LAA",65,177,199,30,16,6,1,7,24,16,17,0,76,3,0,0,2,8,1,0.169491525,"Kyren Paris",26420,677347
"Rece Hinds","- - -",52,124,133,21,5,8,1,7,17,19,6,0,56,2,1,0,1,2,0,0.169354838,"Rece Hinds",27493,677956
"Brandon Drury","LAA",97,325,360,55,44,7,0,4,28,15,27,0,81,5,3,0,13,1,0,0.169230769,"Brandon Drury",11615,592273
"Brandon Crawford","STL",29,71,80,12,6,5,0,1,5,4,8,0,26,1,0,0,0,0,0,0.169014084,"Brandon Crawford",5343,543063
"Luke Williams","ATL",84,77,87,13,8,5,0,0,13,9,6,0,22,2,1,1,3,8,0,0.168831168,"Luke Williams",19931,663897
"Jack Suwinski","PIT",147,397,455,67,40,15,0,12,44,36,51,3,136,5,1,1,4,16,2,0.168765743,"Jack Suwinski",22244,669261
"Jorge Barrosa","ARI",109,202,225,34,15,15,1,3,31,18,12,0,61,2,3,6,2,1,0,0.168316831,"Jorge Barrosa",23968,678489
"Niko Kavadas","LAA",40,113,129,19,13,2,0,4,11,8,14,0,51,2,0,0,0,1,0,0.168141592,"Niko Kavadas",29782,694359
"Omar Narváez","- - -",32,72,79,12,10,2,0,0,5,8,5,0,13,0,1,1,2,0,0,0.166666666,"Omar Narvaez",13338,553882
"Andrew Knapp","SFG",3,6,6,1,1,0,0,0,0,0,0,0,2,0,0,0,0,0,0,0.166666666,"Andrew Knapp",14942,595284
"Logan Davidson","- - -",19,42,47,7,4,2,0,1,3,4,3,0,22,0,0,2,1,0,0,0.166666666,"Logan Davidson",25844,669722
"Gage Workman","- - -",28,54,55,9,3,4,0,2,3,7,1,0,23,0,0,0,0,1,0,0.166666666,"Gage Workman",27573,669398
"Jacob Hurtubise","CIN",41,66,83,11,9,1,1,0,10,4,7,0,24,5,1,4,0,2,0,0.166666666,"Jacob Hurtubise",27599,674441
"Shay Whitcomb","HOU",57,96,102,16,10,3,0,3,7,11,6,0,29,0,0,0,1,0,0,0.166666666,"Shay Whitcomb",27789,694376
"Collin Price","HOU",7,12,13,2,1,1,0,0,1,0,1,0,6,0,0,0,0,0,0,0.166666666,"Collin Price",31415,805672
"Gabriel Rincones Jr.","PHI",23,72,76,12,7,3,0,2,6,6,2,0,22,1,1,0,2,0,0,0.166666666,"Gabriel Rincones Jr.",31958,687282
"LuJames Groover","ARI",15,48,54,8,5,2,0,1,4,4,5,0,11,1,0,0,3,0,0,0.166666666,"LuJames Groover",33552,694410
"Tommy White","ATH",2,6,7,1,0,1,0,0,0,0,1,0,0,0,0,0,0,0,0,0.166666666,"Tommy White",35107,695720
"Johnathan Rodríguez","- - -",49,109,128,18,10,5,1,2,12,16,18,0,40,0,1,0,4,1,0,0.165137614,"Johnathan Rodriguez",22530,671286
"Matt Mervis","- - -",51,146,162,24,12,5,0,7,16,17,12,1,58,2,1,0,1,0,0,0.164383561,"Matt Mervis",27845,670223
"Brian Serven","- - -",30,67,75,11,7,4,0,0,6,3,5,0,23,2,0,1,0,0,0,0.164179104,"Brian Serven",19422,661531
"Jimmy Crooks","STL",42,110,121,18,11,2,1,4,7,10,7,0,41,4,0,0,2,0,0,0.163636363,"Jimmy Crooks",31354,699625
"Steward Berroa","- - -",36,49,58,8,7,1,0,0,7,2,9,0,20,0,0,0,0,7,2,0.163265306,"Steward Berroa",22766,672642
"Martín Maldonado","- - -",112,282,308,46,29,9,0,8,20,23,16,0,108,1,0,9,8,0,0,0.163120567,"Martin Maldonado",6887,455117
"Joey Gallo","WSN",76,223,260,36,17,9,0,10,24,27,32,0,102,4,1,0,1,3,1,0.161434977,"Joey Gallo",14128,608336
"Scott Kingery","- - -",27,31,33,5,4,1,0,0,5,0,2,0,11,0,0,0,1,2,1,0.161290322,"Scott Kingery",17975,664068
"Henry Davis","PIT",188,527,601,85,53,16,0,16,58,54,49,0,163,11,6,5,7,4,2,0.161290322,"Henry Davis",29617,680779
"Patrick Wisdom","- - -",90,199,218,32,13,8,2,9,19,27,13,1,77,4,1,1,1,5,0,0.16080402,"Patrick Wisdom",13602,621550
"CJ Alexander","- - -",10,25,25,4,4,0,0,0,0,0,0,0,11,0,0,0,0,0,0,0.16,"CJ Alexander",20557,680769
"Charles McAdoo","TOR",8,25,25,4,3,0,0,1,2,3,0,0,6,0,0,0,1,0,0,0.16,"Charles McAdoo",33323,807727
"Ji Hwan Bae","PIT",42,94,106,15,13,2,0,0,15,6,11,0,33,0,1,0,0,10,3,0.159574468,"Ji Hwan Bae",23818,678225
"Zack Short","- - -",93,170,206,27,18,7,0,2,24,14,26,0,61,3,2,5,0,2,2,0.158823529,"Zack Short",19562,670097
"Felix Reyes","PHI",12,38,38,6,4,1,0,1,2,2,0,0,9,0,0,0,1,0,0,0.157894736,"Felix Reyes",28763,694025
"Jacob Melton","HOU",32,70,78,11,10,0,1,0,7,7,6,0,29,1,0,0,2,7,2,0.157142857,"Jacob Melton",31661,689200
"Cooper Hummel","- - -",43,96,113,15,12,0,0,3,10,7,14,0,33,2,0,1,2,2,0,0.15625,"Cooper Hummel",19458,669450
"Alan Trejo","COL",42,103,110,16,14,2,0,0,7,2,3,0,22,1,1,2,5,0,0,0.155339805,"Alan Trejo",20056,676701
"Carson Williams","TBR",44,129,139,20,11,4,0,5,17,15,8,0,55,0,0,2,4,2,1,0.155038759,"Carson Williams",30038,700246
"Yan Gomes","CHC",34,91,96,14,10,2,0,2,7,7,2,0,36,1,1,1,2,0,0,0.153846153,"Yan Gomes",9627,543228
"Seby Zavala","SEA",18,39,43,6,3,2,0,1,4,2,3,0,16,0,0,1,2,0,0,0.153846153,"Seby Zavala",18887,664874
"Nick Maton","- - -",30,59,68,9,5,2,0,2,5,4,9,0,21,0,0,0,0,0,1,0.152542372,"Nick Maton",21635,665155
"Junior Perez","CHW",19,33,34,5,3,0,0,2,3,4,1,0,14,0,0,0,0,0,1,0.151515151,"Junior Perez",23989,678577
"Jamie Westbrook","BOS",21,40,48,6,2,2,0,2,4,7,4,0,14,1,2,0,0,0,0,0.15,"Jamie Westbrook",15504,642197
"Mike Ford","CIN",17,60,62,9,7,0,1,1,2,4,2,0,15,0,0,0,1,0,0,0.15,"Mike Ford",15585,645801
"Jase Bowen","SDP",30,47,50,7,5,2,0,0,7,3,2,0,18,1,0,0,0,4,0,0.14893617,"Jase Bowen",26047,687749
"Bobby Dalbec","- - -",44,101,114,15,11,3,0,1,8,9,11,0,49,1,0,1,2,3,0,0.148514851,"Bobby Dalbec",19966,666915
"James Outman","- - -",188,402,447,59,30,13,3,13,50,35,38,0,177,7,0,0,0,9,3,0.146766169,"James Outman",24770,681546
"Rodolfo Durán","SDP",36,82,91,12,5,4,0,3,8,8,7,0,24,1,0,1,3,0,0,0.146341463,"Rodolfo Duran",20958,660710
"Luis Vázquez","- - -",47,62,67,9,7,1,0,1,8,4,3,0,20,1,1,0,1,2,0,0.14516129,"Luis Vazquez",23442,676679
"Jakson Reetz","SFG",6,14,15,2,0,1,0,1,1,1,1,0,5,0,0,0,1,0,0,0.142857142,"Jakson Reetz",17837,656883
"Jared Oliva","SFG",7,7,7,1,1,0,0,0,1,0,0,0,1,0,0,0,1,1,0,0.142857142,"Jared Oliva",19968,666931
"Drew Romo","- - -",55,162,179,23,11,7,0,5,13,17,14,0,53,1,1,1,6,1,1,0.141975308,"Drew Romo",27763,691011
"Jacob Amaya","- - -",61,134,145,19,17,2,0,0,11,11,7,0,44,0,3,1,4,3,0,0.141791044,"Jacob Amaya",23296,676070
"Aaron Hicks","LAA",18,57,63,8,7,0,0,1,6,5,6,0,23,0,0,0,1,0,0,0.140350877,"Aaron Hicks",5297,543305
"Cam Devanney","PIT",14,36,38,5,4,1,0,0,1,1,2,0,21,0,0,0,1,0,1,0.138888888,"Cam Devanney",25688,687478
"José Barrero","STL",22,29,31,4,2,1,0,1,4,3,1,0,9,1,0,0,0,0,0,0.137931034,"Jose Barrero",23378,676480
"Trenton Brooks","- - -",37,66,72,9,6,2,0,1,8,3,6,0,19,0,0,0,3,1,0,0.136363636,"Trenton Brooks",19384,670092
"Tim Elko","CHW",23,67,72,9,4,1,0,4,6,8,5,0,30,0,0,0,1,1,0,0.134328358,"Tim Elko",31522,671284
"Akil Baddoo","DET",38,90,100,12,5,3,2,2,7,6,9,0,32,0,1,0,0,2,0,0.133333333,"Akil Baddoo",22168,668731
"Travis Blankenhorn","WSN",13,31,32,4,3,1,0,0,2,5,1,0,9,0,0,0,0,0,0,0.129032258,"Travis Blankenhorn",18395,663905
"Will Robertson","- - -",27,70,75,9,8,1,0,0,2,9,2,0,27,2,1,0,1,0,0,0.128571428,"Will Robertson",25467,683770
"Ryan Noda","- - -",59,142,170,18,12,4,0,2,11,6,25,2,62,1,0,2,0,1,0,0.126760563,"Ryan Noda",23312,676116
"Jair Camargo","- - -",6,8,9,1,0,1,0,0,2,0,1,0,4,0,0,0,0,0,0,0.125,"Jair Camargo",21730,665856
"Rhylan Thomas","SEA",3,8,10,1,0,1,0,0,2,2,1,0,0,0,1,0,0,0,0,0.125,"Rhylan Thomas",31793,689041
"José Abreu","HOU",35,113,120,14,10,2,0,2,10,7,4,0,28,2,1,0,4,0,0,0.123893805,"Jose Abreu",15676,547989
"Vinny Capra","- - -",50,105,114,13,9,3,0,1,11,6,3,0,28,1,2,3,6,2,0,0.123809523,"Vinny Capra",25040,681962
"Tom Murphy","SFG",13,34,38,4,2,1,0,1,3,2,4,0,14,0,0,0,0,0,0,0.117647058,"Tom Murphy",13499,608596
"Drew Avans","- - -",8,17,18,2,2,0,0,0,1,1,0,0,6,0,1,0,0,1,0,0.117647058,"Drew Avans",25183,682183
"Davis Wendzel","- - -",29,51,53,6,3,2,0,1,2,2,1,0,12,1,0,0,1,0,0,0.117647058,"Davis Wendzel",26469,673995
"Zac Veen","COL",12,34,37,4,2,1,0,1,1,2,2,0,14,1,0,0,0,1,1,0.117647058,"Zac Veen",27770,691728
"Chuckie Robinson","- - -",35,94,104,11,11,0,0,0,4,1,5,0,25,1,0,4,1,0,0,0.117021276,"Chuckie Robinson",19824,642020
"DaShawn Keirsey Jr.","MIN",80,97,102,11,8,0,0,3,12,7,2,0,34,2,0,1,1,10,3,0.113402061,"DaShawn Keirsey Jr.",24496,680577
"Edwin Rios","CIN",5,9,10,1,1,0,0,0,1,0,1,0,4,0,0,0,0,0,0,0.111111111,"Edwin Rios",18316,621458
"Nick Solak","- - -",8,18,21,2,2,0,0,0,0,1,1,0,2,1,1,0,0,0,0,0.111111111,"Nick Solak",19294,669256
"Connor Kaiser","ARI",11,18,19,2,1,1,0,0,1,2,1,0,5,0,0,0,1,0,0,0.111111111,"Connor Kaiser",21535,663731
"Bubba Thompson","CIN",17,18,18,2,1,1,0,0,5,0,0,0,11,0,0,0,1,5,0,0.111111111,"Bubba Thompson",22261,669352
"Buddy Kennedy","- - -",37,64,74,7,3,3,0,1,7,7,8,0,20,1,1,0,0,1,0,0.109375,"Buddy Kennedy",22505,671083
"Niko Goodrum","- - -",13,29,33,3,3,0,0,0,2,0,3,0,10,0,0,1,0,1,1,0.103448275,"Niko Goodrum",12092,592348
"Aramis Garcia","- - -",13,30,30,3,2,0,0,1,2,2,0,0,12,0,0,0,1,0,0,0.1,"Aramis Garcia",16925,605244
"Will Banfield","CIN",7,10,10,1,1,0,0,0,0,0,0,0,6,0,0,0,1,0,0,0.1,"Will Banfield",23790,677943
"Levi Jordan","CIN",7,10,11,1,0,1,0,0,1,1,0,0,3,0,1,0,0,0,0,0.1,"Levi Jordan",25138,682119
"Greg Jones","- - -",21,30,32,3,2,0,0,1,1,2,1,0,16,0,0,1,0,2,1,0.1,"Greg Jones",25448,675659
"Pedro León","HOU",7,20,21,2,2,0,0,0,2,0,1,0,10,0,0,0,2,2,0,0.1,"Pedro Leon",27781,694175
"Cooper Ingle","CLE",7,21,24,2,2,0,0,0,1,2,3,0,12,0,0,0,0,0,0,0.095238095,"Cooper Ingle",33708,694876
"Aledmys Díaz","- - -",14,33,34,3,3,0,0,0,2,1,1,0,9,0,0,0,0,0,0,0.09090909,"Aledmys Diaz",15937,649557
"Vimael Machín","BAL",4,11,12,1,0,0,0,1,1,1,1,0,2,0,0,0,0,0,0,0.09090909,"Vimael Machin",17684,605353
"Eliezer Alfonzo","LAD",6,11,11,1,1,0,0,0,0,0,0,0,1,0,0,0,0,0,0,0.09090909,"Eliezer Alfonzo",22741,672613
"Tristin English","ARI",7,22,23,2,1,1,0,0,0,1,1,0,8,0,0,0,0,0,0,0.09090909,"Tristin English",26148,663536
"Sandy León","ATL",26,56,56,5,4,0,0,1,1,3,0,0,22,0,0,0,0,0,0,0.089285714,"Sandy Leon",5273,506702
"Chad Stevens","- - -",21,41,48,3,3,0,0,0,2,3,5,0,20,0,1,1,0,0,1,0.073170731,"Chad Stevens",29614,677060
"Rafael Ortega","CHW",14,14,17,1,1,0,0,0,4,1,2,0,4,0,1,0,1,2,0,0.071428571,"Rafael Ortega",10323,542364
"Tirso Ornelas","SDP",7,14,16,1,1,0,0,0,0,1,2,0,2,0,0,0,1,0,0,0.071428571,"Tirso Ornelas",22566,672359
"Maverick Handley","BAL",17,42,48,3,3,0,0,0,2,3,2,0,19,1,1,2,0,0,0,0.071428571,"Maverick Handley",26106,668974
"Jace Peterson","ARI",14,22,26,1,1,0,0,0,2,1,3,0,6,0,1,0,1,0,0,0.045454545,"Jace Peterson",12325,607054
"César Prieto","STL",9,23,23,1,1,0,0,0,0,0,0,0,7,0,0,0,1,0,0,0.04347826,"Cesar Prieto",30163,693409
"Tony Kemp","BAL",5,9,10,0,0,0,0,0,1,0,1,0,1,0,0,0,0,0,0,0,"Tony Kemp",14894,643393
"Greg Allen","BAL",7,14,14,0,0,0,0,0,1,0,0,0,5,0,0,0,2,0,1,0,"Greg Allen",16623,656185
"Eddy Alvarez","NYM",13,9,11,0,0,0,0,0,2,0,1,0,2,1,0,0,0,0,0,0,"Eddy Alvarez",16959,657193
"Brian Anderson","ATL",3,5,5,0,0,0,0,0,0,0,0,0,2,0,0,0,1,0,0,0,"Brian Anderson",18289,605119
"Sandro Fabian","TEX",3,5,5,0,0,0,0,0,0,0,0,0,0,0,0,0,0,0,0,0,"Sandro Fabian",19910,660758
"Grant Koch","PIT",3,7,8,0,0,0,0,0,1,0,1,0,6,0,0,0,0,0,0,0,"Grant Koch",22045,667428
"Grae Kessinger","HOU",23,21,25,0,0,0,0,0,4,0,3,0,7,1,0,0,1,0,0,0,"Grae Kessinger",25813,666197
"Trei Cruz","DET",2,5,5,0,0,0,0,0,0,0,0,0,3,0,0,0,0,0,0,0,"Trei Cruz",27569,669360
"Ivan Johnson","CIN",4,5,6,0,0,0,0,0,0,0,1,0,1,0,0,0,0,0,0,0,"Ivan Johnson",27593,671155
"Tyler Gentry","KCR",3,5,5,0,0,0,0,0,0,0,0,0,2,0,0,0,0,0,0,0,"Tyler Gentry",27784,694355
"Kyler Fedko","MIN",14,16,19,0,0,0,0,0,1,1,2,0,8,0,1,0,0,0,1,0,"Kyler Fedko",29930,693459
"Nick Morabito","NYM",5,11,12,0,0,0,0,0,0,0,0,0,9,1,0,0,0,0,1,0,"Nick Morabito",32119,703492
